{
"type": "FeatureCollection",
"name": "annapurna_simple",
"crs": { "type": "name", "properties": { "name": "urn:ogc:def:crs:OGC:1.3:CRS84" } },
"features": [
{ "type": "Feature", "properties": { }, "geometry": { "type": "LineString", "coordinates": [ [ 84.35417, 28.52466 ], [ 84.35402, 28.52488 ], [ 84.35361, 28.52535 ], [ 84.35347, 28.52542 ], [ 84.35347, 28.5254 ], [ 84.35344, 28.52546 ], [ 84.35334, 28.52552 ], [ 84.35318, 28.52556 ], [ 84.35313, 28.5256 ], [ 84.35311, 28.52591 ], [ 84.35295, 28.52611 ], [ 84.35266, 28.52639 ], [ 84.35253, 28.52667 ], [ 84.35214, 28.52727 ], [ 84.35193, 28.52742 ], [ 84.35148, 28.52788 ], [ 84.35139, 28.52795 ], [ 84.35129, 28.52798 ], [ 84.35102, 28.52822 ], [ 84.35087, 28.52839 ], [ 84.35077, 28.5286 ], [ 84.3506, 28.52886 ], [ 84.3504, 28.529 ], [ 84.35026, 28.52917 ], [ 84.35003, 28.52936 ], [ 84.35005, 28.5294 ], [ 84.34998, 28.52946 ], [ 84.3498, 28.52975 ], [ 84.34976, 28.52992 ], [ 84.34967, 28.53006 ], [ 84.34968, 28.53009 ], [ 84.34974, 28.53009 ], [ 84.3497, 28.53008 ], [ 84.34968, 28.53009 ], [ 84.34941, 28.53044 ], [ 84.3492, 28.53081 ], [ 84.3491, 28.53093 ], [ 84.34904, 28.53113 ], [ 84.34879, 28.53154 ], [ 84.3484, 28.53175 ], [ 84.34815, 28.53181 ], [ 84.34786, 28.53178 ], [ 84.34773, 28.53182 ], [ 84.34758, 28.53181 ], [ 84.34721, 28.53194 ], [ 84.34693, 28.53195 ], [ 84.3467, 28.53203 ], [ 84.34639, 28.53208 ], [ 84.34629, 28.53211 ], [ 84.34623, 28.53217 ], [ 84.34582, 28.53219 ], [ 84.34563, 28.53222 ], [ 84.34532, 28.53234 ], [ 84.34468, 28.53251 ], [ 84.34423, 28.53285 ], [ 84.34397, 28.53293 ], [ 84.34385, 28.53316 ], [ 84.34372, 28.53326 ], [ 84.34359, 28.53331 ], [ 84.34361, 28.53333 ], [ 84.34349, 28.53332 ], [ 84.34303, 28.53341 ], [ 84.34278, 28.53349 ], [ 84.3425, 28.53365 ], [ 84.34228, 28.53367 ], [ 84.34191, 28.53381 ], [ 84.34164, 28.53381 ], [ 84.34154, 28.53387 ], [ 84.34136, 28.5339 ], [ 84.34102, 28.53392 ], [ 84.34047, 28.53372 ], [ 84.34035, 28.53372 ], [ 84.34001, 28.53362 ], [ 84.33979, 28.53359 ], [ 84.33961, 28.53352 ], [ 84.339, 28.5334 ], [ 84.33883, 28.53338 ], [ 84.33876, 28.5334 ], [ 84.33858, 28.53334 ], [ 84.33794, 28.53342 ], [ 84.33764, 28.53342 ], [ 84.33743, 28.53339 ], [ 84.33709, 28.53346 ], [ 84.33695, 28.53359 ], [ 84.3362, 28.5336 ], [ 84.33548, 28.53379 ], [ 84.33518, 28.53391 ], [ 84.33472, 28.53391 ], [ 84.33448, 28.53395 ], [ 84.33415, 28.53388 ], [ 84.33386, 28.53377 ], [ 84.33356, 28.53375 ], [ 84.33318, 28.53366 ], [ 84.33307, 28.5336 ], [ 84.33291, 28.53356 ], [ 84.33262, 28.53352 ], [ 84.33215, 28.53364 ], [ 84.33198, 28.53372 ], [ 84.33185, 28.53382 ], [ 84.33178, 28.53401 ], [ 84.33175, 28.53404 ], [ 84.33143, 28.53419 ], [ 84.33111, 28.5343 ], [ 84.33094, 28.53429 ], [ 84.33094, 28.53431 ], [ 84.33088, 28.53427 ], [ 84.33069, 28.53424 ], [ 84.33033, 28.53402 ], [ 84.32991, 28.53407 ], [ 84.32967, 28.5342 ], [ 84.32929, 28.5342 ], [ 84.32918, 28.53424 ], [ 84.32898, 28.53422 ], [ 84.32838, 28.53391 ], [ 84.32838, 28.53393 ], [ 84.32825, 28.53383 ], [ 84.32789, 28.53378 ], [ 84.32759, 28.53369 ], [ 84.32689, 28.53359 ], [ 84.32675, 28.53355 ], [ 84.32632, 28.53336 ], [ 84.32594, 28.53325 ], [ 84.32572, 28.53321 ], [ 84.3255, 28.53313 ], [ 84.32484, 28.53308 ], [ 84.32475, 28.53299 ], [ 84.3245, 28.53287 ], [ 84.32438, 28.53279 ], [ 84.32408, 28.53244 ], [ 84.32386, 28.53223 ], [ 84.32368, 28.53213 ], [ 84.32329, 28.53198 ], [ 84.32286, 28.53187 ], [ 84.32253, 28.53183 ], [ 84.32239, 28.53185 ], [ 84.32191, 28.53173 ], [ 84.3215, 28.53172 ], [ 84.32113, 28.53165 ], [ 84.32103, 28.5316 ], [ 84.32097, 28.53161 ], [ 84.32079, 28.53145 ], [ 84.32063, 28.53138 ], [ 84.32003, 28.53124 ], [ 84.31866, 28.53068 ], [ 84.31856, 28.53061 ], [ 84.31849, 28.5305 ], [ 84.31856, 28.53043 ], [ 84.31869, 28.53043 ], [ 84.31894, 28.53051 ], [ 84.31912, 28.53053 ], [ 84.31935, 28.53049 ], [ 84.31949, 28.53042 ], [ 84.31955, 28.53034 ], [ 84.31948, 28.53029 ], [ 84.3191, 28.53013 ], [ 84.31869, 28.52968 ], [ 84.31869, 28.5296 ], [ 84.31871, 28.52956 ], [ 84.3187, 28.52947 ], [ 84.31884, 28.52907 ], [ 84.3188, 28.52894 ], [ 84.31895, 28.52835 ], [ 84.3189, 28.528 ], [ 84.31884, 28.52789 ], [ 84.31878, 28.52784 ], [ 84.31871, 28.5278 ], [ 84.31863, 28.52781 ], [ 84.31852, 28.52789 ], [ 84.31838, 28.52805 ], [ 84.31821, 28.52812 ], [ 84.31826, 28.5281 ], [ 84.31827, 28.52804 ], [ 84.31821, 28.52781 ], [ 84.31823, 28.52771 ], [ 84.31818, 28.52768 ], [ 84.31811, 28.5277 ], [ 84.31812, 28.52759 ], [ 84.31807, 28.52751 ], [ 84.31804, 28.52749 ], [ 84.31789, 28.52757 ], [ 84.31793, 28.52756 ], [ 84.31778, 28.5276 ], [ 84.31771, 28.52772 ], [ 84.31773, 28.5279 ], [ 84.31769, 28.52795 ], [ 84.31767, 28.52809 ], [ 84.31768, 28.52807 ], [ 84.31759, 28.52822 ], [ 84.31754, 28.52819 ], [ 84.31746, 28.52822 ], [ 84.31752, 28.52822 ], [ 84.31753, 28.52825 ], [ 84.31752, 28.52835 ], [ 84.31742, 28.52842 ], [ 84.31734, 28.52851 ], [ 84.31717, 28.52856 ], [ 84.3171, 28.52864 ], [ 84.31695, 28.52859 ], [ 84.31698, 28.5286 ], [ 84.31696, 28.52861 ], [ 84.3171, 28.52847 ], [ 84.317, 28.52846 ], [ 84.31698, 28.52848 ], [ 84.31697, 28.52852 ], [ 84.31703, 28.52845 ], [ 84.31713, 28.52841 ], [ 84.31726, 28.52826 ], [ 84.31724, 28.52825 ], [ 84.31712, 28.52824 ], [ 84.31703, 28.52832 ], [ 84.31678, 28.52836 ], [ 84.31678, 28.52839 ], [ 84.31668, 28.52844 ], [ 84.31656, 28.52844 ], [ 84.31654, 28.52841 ], [ 84.31656, 28.52841 ], [ 84.31654, 28.52843 ], [ 84.3165, 28.52839 ], [ 84.31642, 28.5284 ], [ 84.31644, 28.52839 ], [ 84.31634, 28.52833 ], [ 84.31625, 28.52833 ], [ 84.31617, 28.52835 ], [ 84.31602, 28.52832 ], [ 84.31599, 28.52825 ], [ 84.31591, 28.52822 ], [ 84.31569, 28.52799 ], [ 84.31567, 28.52799 ], [ 84.31569, 28.52798 ], [ 84.31567, 28.52799 ], [ 84.31574, 28.52799 ], [ 84.31571, 28.5279 ], [ 84.31578, 28.52788 ], [ 84.31583, 28.52768 ], [ 84.31569, 28.52757 ], [ 84.31571, 28.52739 ], [ 84.31568, 28.52732 ], [ 84.31561, 28.52727 ], [ 84.31563, 28.52725 ], [ 84.31556, 28.52714 ], [ 84.31544, 28.5271 ], [ 84.31543, 28.527 ], [ 84.31533, 28.52694 ], [ 84.31527, 28.52683 ], [ 84.31527, 28.5267 ], [ 84.31522, 28.52665 ], [ 84.31515, 28.52663 ], [ 84.31513, 28.52655 ], [ 84.315, 28.52644 ], [ 84.31494, 28.52627 ], [ 84.3149, 28.52623 ], [ 84.31493, 28.52619 ], [ 84.31484, 28.52622 ], [ 84.31482, 28.52613 ], [ 84.31473, 28.52609 ], [ 84.31469, 28.52603 ], [ 84.31467, 28.52605 ], [ 84.3147, 28.52596 ], [ 84.31468, 28.52589 ], [ 84.3145, 28.5258 ], [ 84.31442, 28.52573 ], [ 84.31434, 28.52559 ], [ 84.3143, 28.52558 ], [ 84.31426, 28.52561 ], [ 84.31421, 28.52555 ], [ 84.31429, 28.52558 ], [ 84.31423, 28.52561 ], [ 84.3142, 28.52567 ], [ 84.31402, 28.52567 ], [ 84.31381, 28.52546 ], [ 84.31359, 28.52535 ], [ 84.31347, 28.52521 ], [ 84.31335, 28.52525 ], [ 84.31332, 28.52524 ], [ 84.31309, 28.52497 ], [ 84.31303, 28.52497 ], [ 84.31283, 28.52489 ], [ 84.31275, 28.52489 ], [ 84.31267, 28.52486 ], [ 84.31261, 28.52477 ], [ 84.31255, 28.52474 ], [ 84.31247, 28.52473 ], [ 84.31229, 28.52466 ], [ 84.31221, 28.52466 ], [ 84.3121, 28.52454 ], [ 84.31189, 28.52451 ], [ 84.31183, 28.5244 ], [ 84.31168, 28.52424 ], [ 84.31149, 28.52413 ], [ 84.31148, 28.52405 ], [ 84.31138, 28.52402 ], [ 84.31131, 28.52391 ], [ 84.31126, 28.52389 ], [ 84.31127, 28.52386 ], [ 84.31125, 28.52382 ], [ 84.31113, 28.52375 ], [ 84.31096, 28.5237 ], [ 84.3109, 28.52365 ], [ 84.31088, 28.5236 ], [ 84.31066, 28.52337 ], [ 84.31068, 28.52337 ], [ 84.31066, 28.5234 ], [ 84.31064, 28.52331 ], [ 84.31055, 28.52332 ], [ 84.31057, 28.5233 ], [ 84.31051, 28.52324 ], [ 84.31028, 28.52317 ], [ 84.31017, 28.52298 ], [ 84.30994, 28.52279 ], [ 84.30985, 28.52264 ], [ 84.30984, 28.52255 ], [ 84.30977, 28.52254 ], [ 84.30973, 28.52248 ], [ 84.3096, 28.52241 ], [ 84.3094, 28.52224 ], [ 84.30902, 28.52207 ], [ 84.309, 28.52206 ], [ 84.30895, 28.5221 ], [ 84.30882, 28.52197 ], [ 84.30874, 28.52197 ], [ 84.30865, 28.52191 ], [ 84.30844, 28.52187 ], [ 84.30836, 28.52179 ], [ 84.30818, 28.52173 ], [ 84.30801, 28.52176 ], [ 84.30792, 28.52175 ], [ 84.30784, 28.5217 ], [ 84.30777, 28.5217 ], [ 84.30771, 28.52176 ], [ 84.30773, 28.52175 ], [ 84.30769, 28.52172 ], [ 84.30759, 28.52169 ], [ 84.30731, 28.52171 ], [ 84.30704, 28.52182 ], [ 84.30689, 28.52173 ], [ 84.30681, 28.52176 ], [ 84.3068, 28.52179 ], [ 84.30676, 28.52178 ], [ 84.30677, 28.52176 ], [ 84.30676, 28.52185 ], [ 84.30669, 28.52191 ], [ 84.30668, 28.52198 ], [ 84.30663, 28.52206 ], [ 84.30619, 28.5226 ], [ 84.30621, 28.52263 ], [ 84.30634, 28.52264 ], [ 84.30652, 28.52271 ], [ 84.30655, 28.52271 ], [ 84.30625, 28.52262 ], [ 84.30638, 28.52264 ], [ 84.30659, 28.52274 ], [ 84.30668, 28.52285 ], [ 84.30678, 28.5229 ], [ 84.30692, 28.52302 ], [ 84.30721, 28.52343 ], [ 84.30723, 28.52351 ], [ 84.30737, 28.52366 ], [ 84.30743, 28.52384 ], [ 84.30742, 28.52391 ], [ 84.3075, 28.52423 ], [ 84.30749, 28.52429 ], [ 84.30734, 28.52446 ], [ 84.30732, 28.52458 ], [ 84.30717, 28.52466 ], [ 84.3068, 28.52479 ], [ 84.30659, 28.52502 ], [ 84.30637, 28.52535 ], [ 84.30626, 28.5256 ], [ 84.30618, 28.52564 ], [ 84.30595, 28.52628 ], [ 84.30581, 28.52639 ], [ 84.30537, 28.52659 ], [ 84.3052, 28.52678 ], [ 84.30505, 28.5269 ], [ 84.30499, 28.52692 ], [ 84.30607, 28.52742 ], [ 84.30573, 28.5273 ], [ 84.30553, 28.52731 ], [ 84.30531, 28.52739 ], [ 84.30504, 28.5274 ], [ 84.30476, 28.52761 ], [ 84.30465, 28.52779 ], [ 84.30449, 28.52788 ], [ 84.3044, 28.52796 ], [ 84.30422, 28.52837 ], [ 84.30417, 28.52865 ], [ 84.3041, 28.52885 ], [ 84.30366, 28.52936 ], [ 84.30356, 28.52962 ], [ 84.30346, 28.5297 ], [ 84.30339, 28.52987 ], [ 84.30328, 28.53 ], [ 84.30326, 28.53017 ], [ 84.30309, 28.5304 ], [ 84.30317, 28.53076 ], [ 84.30309, 28.53098 ], [ 84.30314, 28.53114 ], [ 84.30311, 28.5313 ], [ 84.30319, 28.53142 ], [ 84.30323, 28.5317 ], [ 84.30319, 28.53189 ], [ 84.30312, 28.53203 ], [ 84.30306, 28.5323 ], [ 84.30292, 28.5325 ], [ 84.30279, 28.53292 ], [ 84.30278, 28.53336 ], [ 84.30272, 28.53356 ], [ 84.30255, 28.53443 ], [ 84.30254, 28.53463 ], [ 84.30241, 28.53501 ], [ 84.30241, 28.53537 ], [ 84.30234, 28.53556 ], [ 84.30212, 28.53586 ], [ 84.30199, 28.53617 ], [ 84.30184, 28.53633 ], [ 84.30181, 28.53642 ], [ 84.30168, 28.5366 ], [ 84.30136, 28.53749 ], [ 84.30134, 28.53769 ], [ 84.30136, 28.53773 ], [ 84.30124, 28.53784 ], [ 84.301, 28.53798 ], [ 84.30065, 28.53851 ], [ 84.30047, 28.53869 ], [ 84.3003, 28.53897 ], [ 84.29992, 28.53923 ], [ 84.29982, 28.53941 ], [ 84.29968, 28.53954 ], [ 84.29946, 28.54009 ], [ 84.29896, 28.54051 ], [ 84.2989, 28.5407 ], [ 84.29872, 28.54089 ], [ 84.29872, 28.54093 ], [ 84.29876, 28.54091 ], [ 84.29879, 28.54094 ], [ 84.29877, 28.5409 ], [ 84.29872, 28.54091 ], [ 84.29834, 28.54102 ], [ 84.29805, 28.54123 ], [ 84.29796, 28.54138 ], [ 84.29771, 28.54151 ], [ 84.29751, 28.54169 ], [ 84.29752, 28.5417 ], [ 84.29718, 28.54188 ], [ 84.29643, 28.54242 ], [ 84.29576, 28.5426 ], [ 84.29535, 28.54276 ], [ 84.29511, 28.54289 ], [ 84.29471, 28.54299 ], [ 84.29451, 28.54299 ], [ 84.29426, 28.54292 ], [ 84.29399, 28.54289 ], [ 84.29341, 28.54304 ], [ 84.29305, 28.54317 ], [ 84.29276, 28.54321 ], [ 84.2926, 28.54322 ], [ 84.29209, 28.54312 ], [ 84.29164, 28.5431 ], [ 84.2916, 28.54307 ], [ 84.29156, 28.54311 ], [ 84.29157, 28.54313 ], [ 84.29157, 28.54308 ], [ 84.29158, 28.5431 ], [ 84.29156, 28.54308 ], [ 84.2916, 28.54308 ], [ 84.29157, 28.54313 ], [ 84.29156, 28.5431 ], [ 84.29159, 28.54313 ], [ 84.29156, 28.54311 ], [ 84.29157, 28.54313 ], [ 84.29158, 28.54307 ], [ 84.29157, 28.54311 ], [ 84.29155, 28.54307 ], [ 84.2916, 28.5431 ], [ 84.29147, 28.54314 ], [ 84.29136, 28.54313 ], [ 84.29134, 28.54318 ], [ 84.29135, 28.54316 ], [ 84.29124, 28.54315 ], [ 84.29103, 28.54319 ], [ 84.29086, 28.54319 ], [ 84.29019, 28.54297 ], [ 84.29, 28.54287 ], [ 84.28988, 28.54276 ], [ 84.28971, 28.54269 ], [ 84.28959, 28.54254 ], [ 84.28912, 28.54225 ], [ 84.2888, 28.54188 ], [ 84.28848, 28.54172 ], [ 84.28845, 28.54152 ], [ 84.28833, 28.54139 ], [ 84.28825, 28.54135 ], [ 84.28797, 28.5413 ], [ 84.28765, 28.54119 ], [ 84.28759, 28.54118 ], [ 84.28753, 28.54121 ], [ 84.28749, 28.54128 ], [ 84.28751, 28.54141 ], [ 84.2875, 28.54166 ], [ 84.2876, 28.54177 ], [ 84.28767, 28.54192 ], [ 84.28764, 28.54224 ], [ 84.28767, 28.54252 ], [ 84.28766, 28.54285 ], [ 84.2878, 28.54354 ], [ 84.28782, 28.54391 ], [ 84.28793, 28.54431 ], [ 84.28792, 28.54428 ], [ 84.28794, 28.54449 ], [ 84.28817, 28.54484 ], [ 84.28821, 28.54501 ], [ 84.28832, 28.5451 ], [ 84.2889, 28.54537 ], [ 84.28896, 28.54544 ], [ 84.28917, 28.54591 ], [ 84.28916, 28.54632 ], [ 84.2891, 28.54646 ], [ 84.28893, 28.54662 ], [ 84.28884, 28.54675 ], [ 84.28882, 28.54689 ], [ 84.28886, 28.54712 ], [ 84.28877, 28.54729 ], [ 84.28871, 28.54754 ], [ 84.28859, 28.54763 ], [ 84.28851, 28.54766 ], [ 84.2885, 28.54765 ], [ 84.2885, 28.54768 ], [ 84.2885, 28.54766 ], [ 84.28842, 28.54766 ], [ 84.28844, 28.54769 ], [ 84.28838, 28.54766 ], [ 84.28824, 28.54767 ], [ 84.2879, 28.54776 ], [ 84.28714, 28.54823 ], [ 84.28672, 28.54823 ], [ 84.28624, 28.54808 ], [ 84.28609, 28.54808 ], [ 84.28585, 28.54816 ], [ 84.28563, 28.54832 ], [ 84.28562, 28.54838 ], [ 84.28545, 28.54847 ], [ 84.28512, 28.54846 ], [ 84.28482, 28.54852 ], [ 84.28462, 28.54862 ], [ 84.28401, 28.54864 ], [ 84.28361, 28.5487 ], [ 84.2835, 28.54873 ], [ 84.28332, 28.54883 ], [ 84.28315, 28.54888 ], [ 84.28317, 28.5489 ], [ 84.2831, 28.54886 ], [ 84.28288, 28.54892 ], [ 84.28258, 28.54896 ], [ 84.28249, 28.549 ], [ 84.28232, 28.54902 ], [ 84.28233, 28.54904 ], [ 84.2823, 28.54904 ], [ 84.28208, 28.54902 ], [ 84.28205, 28.54907 ], [ 84.28194, 28.5491 ], [ 84.28189, 28.54916 ], [ 84.28191, 28.54917 ], [ 84.28192, 28.54913 ], [ 84.28189, 28.54912 ], [ 84.28179, 28.54914 ], [ 84.28172, 28.54918 ], [ 84.28169, 28.54922 ], [ 84.28163, 28.54924 ], [ 84.28139, 28.54914 ], [ 84.28137, 28.54917 ], [ 84.28128, 28.54914 ], [ 84.28126, 28.54917 ], [ 84.28125, 28.54914 ], [ 84.28115, 28.54912 ], [ 84.28117, 28.54914 ], [ 84.28109, 28.54923 ], [ 84.28113, 28.54931 ], [ 84.28108, 28.54943 ], [ 84.2811, 28.54947 ], [ 84.28108, 28.54951 ], [ 84.28111, 28.54952 ], [ 84.28109, 28.54956 ], [ 84.28101, 28.54964 ], [ 84.28096, 28.54963 ], [ 84.281, 28.54964 ], [ 84.28097, 28.54962 ], [ 84.28082, 28.54976 ], [ 84.28066, 28.54974 ], [ 84.28058, 28.54977 ], [ 84.28054, 28.54982 ], [ 84.28046, 28.54983 ], [ 84.28032, 28.54989 ], [ 84.28018, 28.55003 ], [ 84.2801, 28.55024 ], [ 84.28003, 28.5503 ], [ 84.27998, 28.5504 ], [ 84.2799, 28.55043 ], [ 84.27987, 28.55051 ], [ 84.27972, 28.55065 ], [ 84.27953, 28.55074 ], [ 84.27946, 28.55075 ], [ 84.27942, 28.55081 ], [ 84.2794, 28.55081 ], [ 84.27942, 28.55084 ], [ 84.2794, 28.55084 ], [ 84.27939, 28.55078 ], [ 84.27933, 28.55081 ], [ 84.27938, 28.55078 ], [ 84.2793, 28.55079 ], [ 84.27932, 28.55078 ], [ 84.2793, 28.55076 ], [ 84.27923, 28.55077 ], [ 84.27917, 28.55074 ], [ 84.27921, 28.55075 ], [ 84.27915, 28.55077 ], [ 84.27913, 28.55074 ], [ 84.27913, 28.55079 ], [ 84.27912, 28.55077 ], [ 84.27906, 28.55079 ], [ 84.27911, 28.55078 ], [ 84.27909, 28.5508 ], [ 84.27914, 28.55082 ], [ 84.27906, 28.5508 ], [ 84.27905, 28.55082 ], [ 84.27913, 28.55092 ], [ 84.27909, 28.55095 ], [ 84.27907, 28.551 ], [ 84.27906, 28.55098 ], [ 84.27887, 28.55105 ], [ 84.2788, 28.55104 ], [ 84.27848, 28.55114 ], [ 84.2785, 28.55116 ], [ 84.27852, 28.55115 ], [ 84.2785, 28.55114 ], [ 84.27829, 28.55122 ], [ 84.27821, 28.55129 ], [ 84.27822, 28.55131 ], [ 84.27802, 28.55141 ], [ 84.27789, 28.5516 ], [ 84.27742, 28.55168 ], [ 84.27721, 28.55167 ], [ 84.27696, 28.55172 ], [ 84.27689, 28.55165 ], [ 84.27681, 28.55166 ], [ 84.27674, 28.5517 ], [ 84.27677, 28.55169 ], [ 84.27638, 28.55173 ], [ 84.276, 28.55168 ], [ 84.27519, 28.55168 ], [ 84.27503, 28.55172 ], [ 84.2747, 28.55173 ], [ 84.27415, 28.55171 ], [ 84.27385, 28.55178 ], [ 84.27356, 28.55179 ], [ 84.27326, 28.55176 ], [ 84.27304, 28.55168 ], [ 84.27294, 28.55164 ], [ 84.27295, 28.55162 ], [ 84.27295, 28.55164 ], [ 84.27277, 28.55165 ], [ 84.27253, 28.55176 ], [ 84.27228, 28.55178 ], [ 84.272, 28.55169 ], [ 84.27165, 28.55167 ], [ 84.27147, 28.5516 ], [ 84.27133, 28.55159 ], [ 84.27117, 28.55148 ], [ 84.27091, 28.55138 ], [ 84.27059, 28.55136 ], [ 84.27047, 28.55139 ], [ 84.27044, 28.55136 ], [ 84.27022, 28.5514 ], [ 84.26998, 28.55138 ], [ 84.26967, 28.5513 ], [ 84.26937, 28.55117 ], [ 84.26909, 28.55109 ], [ 84.26859, 28.55101 ], [ 84.26819, 28.55087 ], [ 84.26755, 28.55078 ], [ 84.2675, 28.55075 ], [ 84.26748, 28.55066 ], [ 84.26697, 28.55064 ], [ 84.26656, 28.55054 ], [ 84.26623, 28.55059 ], [ 84.26607, 28.55065 ], [ 84.26571, 28.55072 ], [ 84.26563, 28.55073 ], [ 84.26557, 28.55069 ], [ 84.26558, 28.55071 ], [ 84.26567, 28.5507 ], [ 84.26563, 28.55071 ], [ 84.26564, 28.55069 ], [ 84.26562, 28.55072 ], [ 84.2656, 28.55077 ], [ 84.26527, 28.55084 ], [ 84.26507, 28.55084 ], [ 84.26483, 28.5509 ], [ 84.26448, 28.55093 ], [ 84.26413, 28.55088 ], [ 84.26384, 28.5509 ], [ 84.26372, 28.55093 ], [ 84.26354, 28.55102 ], [ 84.26266, 28.55116 ], [ 84.26245, 28.55125 ], [ 84.26223, 28.5513 ], [ 84.26224, 28.55133 ], [ 84.26217, 28.55133 ], [ 84.26207, 28.55126 ], [ 84.26207, 28.55131 ], [ 84.26122, 28.55159 ], [ 84.26061, 28.5519 ], [ 84.26037, 28.55198 ], [ 84.25993, 28.55206 ], [ 84.25944, 28.55223 ], [ 84.25913, 28.55237 ], [ 84.25885, 28.55244 ], [ 84.25879, 28.55249 ], [ 84.25875, 28.55244 ], [ 84.25869, 28.55249 ], [ 84.25873, 28.5525 ], [ 84.25891, 28.55247 ], [ 84.25877, 28.55245 ], [ 84.25871, 28.5524 ], [ 84.25848, 28.55211 ], [ 84.25823, 28.55193 ], [ 84.25782, 28.55139 ], [ 84.25775, 28.55132 ], [ 84.25763, 28.55128 ], [ 84.25747, 28.55126 ], [ 84.25719, 28.5513 ], [ 84.25654, 28.55119 ], [ 84.25617, 28.55102 ], [ 84.25592, 28.55095 ], [ 84.25531, 28.55092 ], [ 84.25492, 28.55102 ], [ 84.25478, 28.55103 ], [ 84.25469, 28.55099 ], [ 84.25459, 28.55083 ], [ 84.25447, 28.55078 ], [ 84.25437, 28.55087 ], [ 84.25419, 28.55093 ], [ 84.25407, 28.55092 ], [ 84.25384, 28.55084 ], [ 84.25327, 28.55071 ], [ 84.25303, 28.55074 ], [ 84.25276, 28.55071 ], [ 84.25261, 28.55062 ], [ 84.25239, 28.55056 ], [ 84.25229, 28.55047 ], [ 84.25218, 28.55044 ], [ 84.25203, 28.55034 ], [ 84.25189, 28.55028 ], [ 84.25167, 28.55011 ], [ 84.25135, 28.55 ], [ 84.25116, 28.54997 ], [ 84.25059, 28.54974 ], [ 84.24986, 28.54958 ], [ 84.24955, 28.54959 ], [ 84.24924, 28.54974 ], [ 84.24899, 28.54984 ], [ 84.24887, 28.54993 ], [ 84.24867, 28.54999 ], [ 84.24864, 28.55001 ], [ 84.24866, 28.55004 ], [ 84.24856, 28.55007 ], [ 84.24853, 28.55004 ], [ 84.24847, 28.5501 ], [ 84.24848, 28.55013 ], [ 84.24844, 28.55009 ], [ 84.24846, 28.55011 ], [ 84.2483, 28.55006 ], [ 84.24809, 28.55008 ], [ 84.24782, 28.55006 ], [ 84.24716, 28.5501 ], [ 84.24637, 28.55007 ], [ 84.24603, 28.55014 ], [ 84.24574, 28.55015 ], [ 84.24539, 28.55012 ], [ 84.24497, 28.55002 ], [ 84.2446, 28.55003 ], [ 84.24427, 28.55001 ], [ 84.24419, 28.54998 ], [ 84.24396, 28.54982 ], [ 84.24384, 28.5498 ], [ 84.24379, 28.54982 ], [ 84.24372, 28.55003 ], [ 84.24354, 28.55019 ], [ 84.2435, 28.55027 ], [ 84.24343, 28.55056 ], [ 84.24349, 28.55084 ], [ 84.24349, 28.55094 ], [ 84.2434, 28.55112 ], [ 84.24321, 28.55134 ], [ 84.24315, 28.55138 ], [ 84.24285, 28.55149 ], [ 84.24277, 28.55159 ], [ 84.24261, 28.55166 ], [ 84.24251, 28.5517 ], [ 84.24198, 28.55176 ], [ 84.24182, 28.55185 ], [ 84.24143, 28.55191 ], [ 84.24103, 28.55204 ], [ 84.24093, 28.5521 ], [ 84.2409, 28.55217 ], [ 84.24097, 28.55249 ], [ 84.24104, 28.55255 ], [ 84.24136, 28.55244 ], [ 84.2416, 28.55231 ], [ 84.24186, 28.55226 ], [ 84.24203, 28.55237 ], [ 84.24204, 28.55231 ], [ 84.24176, 28.55212 ], [ 84.24185, 28.5522 ], [ 84.24184, 28.55222 ], [ 84.24162, 28.55227 ], [ 84.2414, 28.55237 ], [ 84.2411, 28.55246 ], [ 84.24099, 28.55253 ], [ 84.24084, 28.55255 ], [ 84.24045, 28.55269 ], [ 84.24024, 28.55295 ], [ 84.24022, 28.55298 ], [ 84.24025, 28.55299 ], [ 84.23948, 28.55334 ], [ 84.23918, 28.55339 ], [ 84.23882, 28.5535 ], [ 84.23877, 28.55348 ], [ 84.23879, 28.55349 ], [ 84.23855, 28.55356 ], [ 84.23845, 28.55357 ], [ 84.23827, 28.55364 ], [ 84.23752, 28.55387 ], [ 84.23742, 28.55386 ], [ 84.23742, 28.55379 ], [ 84.23732, 28.55386 ], [ 84.2371, 28.55391 ], [ 84.23687, 28.5539 ], [ 84.23683, 28.55378 ], [ 84.23684, 28.55385 ], [ 84.23684, 28.55384 ], [ 84.23635, 28.55392 ], [ 84.23605, 28.55392 ], [ 84.23583, 28.554 ], [ 84.23561, 28.55399 ], [ 84.23544, 28.55414 ], [ 84.23545, 28.55409 ], [ 84.23539, 28.55413 ], [ 84.23529, 28.55413 ], [ 84.23521, 28.55408 ], [ 84.23507, 28.55407 ], [ 84.23508, 28.55409 ], [ 84.23494, 28.55417 ], [ 84.23467, 28.55427 ], [ 84.23427, 28.55427 ], [ 84.2341, 28.55439 ], [ 84.23392, 28.55442 ], [ 84.23385, 28.55446 ], [ 84.2336, 28.55453 ], [ 84.23354, 28.55462 ], [ 84.23346, 28.55466 ], [ 84.2331, 28.55467 ], [ 84.23295, 28.55471 ], [ 84.23262, 28.5547 ], [ 84.23251, 28.55472 ], [ 84.23242, 28.55471 ], [ 84.23241, 28.55469 ], [ 84.2325, 28.5547 ], [ 84.23245, 28.55461 ], [ 84.23229, 28.55476 ], [ 84.2321, 28.55476 ], [ 84.23206, 28.55472 ], [ 84.23209, 28.55473 ], [ 84.23205, 28.55472 ], [ 84.23196, 28.55475 ], [ 84.23177, 28.55477 ], [ 84.23152, 28.55486 ], [ 84.23135, 28.55488 ], [ 84.23125, 28.55496 ], [ 84.23108, 28.55501 ], [ 84.23085, 28.55502 ], [ 84.23065, 28.55498 ], [ 84.23062, 28.555 ], [ 84.23042, 28.55502 ], [ 84.23019, 28.55507 ], [ 84.23006, 28.55506 ], [ 84.22996, 28.55515 ], [ 84.22995, 28.5551 ], [ 84.22994, 28.55513 ], [ 84.22981, 28.55514 ], [ 84.22982, 28.55515 ], [ 84.22969, 28.55518 ], [ 84.22945, 28.55516 ], [ 84.22921, 28.55506 ], [ 84.22902, 28.55507 ], [ 84.2289, 28.55503 ], [ 84.22886, 28.55508 ], [ 84.22874, 28.55509 ], [ 84.2285, 28.5552 ], [ 84.22848, 28.55514 ], [ 84.22846, 28.55519 ], [ 84.22833, 28.55516 ], [ 84.22828, 28.55522 ], [ 84.22825, 28.55521 ], [ 84.22812, 28.55528 ], [ 84.22813, 28.55525 ], [ 84.22785, 28.55538 ], [ 84.22765, 28.55538 ], [ 84.22743, 28.55528 ], [ 84.22728, 28.55535 ], [ 84.22726, 28.55533 ], [ 84.22727, 28.5553 ], [ 84.22732, 28.55531 ], [ 84.2273, 28.55537 ], [ 84.22737, 28.55535 ], [ 84.22738, 28.55537 ], [ 84.22745, 28.55537 ], [ 84.22745, 28.5554 ], [ 84.22742, 28.55539 ], [ 84.22746, 28.55542 ], [ 84.22748, 28.5554 ], [ 84.22745, 28.55543 ], [ 84.22746, 28.55548 ], [ 84.2276, 28.5555 ], [ 84.22752, 28.55553 ], [ 84.22759, 28.55554 ], [ 84.22757, 28.55552 ], [ 84.22759, 28.55549 ], [ 84.22757, 28.55549 ], [ 84.22753, 28.55551 ], [ 84.22758, 28.5555 ], [ 84.22756, 28.55553 ], [ 84.22759, 28.55551 ], [ 84.22762, 28.55555 ], [ 84.22763, 28.55552 ], [ 84.22757, 28.55554 ], [ 84.22754, 28.5556 ], [ 84.22756, 28.5556 ], [ 84.22752, 28.55559 ], [ 84.22749, 28.55563 ], [ 84.22741, 28.55565 ], [ 84.2274, 28.55567 ], [ 84.22744, 28.55567 ], [ 84.22741, 28.55569 ], [ 84.22742, 28.5557 ], [ 84.22741, 28.55569 ], [ 84.22745, 28.55568 ], [ 84.22742, 28.5557 ], [ 84.22738, 28.55568 ], [ 84.2274, 28.5557 ], [ 84.22738, 28.5557 ], [ 84.2274, 28.5557 ], [ 84.22734, 28.55564 ], [ 84.22741, 28.55565 ], [ 84.22739, 28.55566 ], [ 84.2274, 28.55565 ], [ 84.2274, 28.55567 ], [ 84.22738, 28.55565 ], [ 84.22735, 28.55566 ], [ 84.22734, 28.55571 ], [ 84.22736, 28.55568 ], [ 84.22733, 28.55568 ], [ 84.22734, 28.5557 ], [ 84.22746, 28.55573 ], [ 84.2274, 28.55583 ], [ 84.22744, 28.55583 ], [ 84.22746, 28.55588 ], [ 84.22731, 28.55595 ], [ 84.22748, 28.55593 ], [ 84.22758, 28.55586 ], [ 84.22763, 28.55586 ], [ 84.22768, 28.55588 ], [ 84.22766, 28.55593 ], [ 84.22761, 28.55595 ], [ 84.22763, 28.55588 ], [ 84.22766, 28.55592 ], [ 84.22759, 28.55597 ], [ 84.22727, 28.55608 ], [ 84.22712, 28.55617 ], [ 84.22709, 28.55622 ], [ 84.22703, 28.55622 ], [ 84.22684, 28.55628 ], [ 84.22676, 28.55634 ], [ 84.22645, 28.55649 ], [ 84.22647, 28.55652 ], [ 84.22647, 28.5565 ], [ 84.22628, 28.55667 ], [ 84.22585, 28.55699 ], [ 84.22553, 28.55722 ], [ 84.22512, 28.55746 ], [ 84.22458, 28.55786 ], [ 84.22427, 28.55796 ], [ 84.224, 28.55799 ], [ 84.22362, 28.55791 ], [ 84.22303, 28.55786 ], [ 84.22293, 28.55786 ], [ 84.22259, 28.55794 ], [ 84.22248, 28.558 ], [ 84.22242, 28.5581 ], [ 84.22217, 28.55834 ], [ 84.22199, 28.55846 ], [ 84.22172, 28.55854 ], [ 84.22159, 28.55854 ], [ 84.22129, 28.55862 ], [ 84.22078, 28.55888 ], [ 84.22025, 28.55896 ], [ 84.21995, 28.55915 ], [ 84.21962, 28.55926 ], [ 84.21946, 28.55929 ], [ 84.2191, 28.55924 ], [ 84.21882, 28.55928 ], [ 84.21864, 28.55938 ], [ 84.21818, 28.55975 ], [ 84.21806, 28.55988 ], [ 84.21792, 28.56011 ], [ 84.2178, 28.56037 ], [ 84.21769, 28.5605 ], [ 84.21764, 28.56055 ], [ 84.21746, 28.56063 ], [ 84.21737, 28.56072 ], [ 84.21733, 28.56083 ], [ 84.21731, 28.56082 ], [ 84.21733, 28.56083 ], [ 84.2173, 28.56082 ], [ 84.21704, 28.56119 ], [ 84.21645, 28.56164 ], [ 84.2163, 28.56181 ], [ 84.21604, 28.56199 ], [ 84.21588, 28.56203 ], [ 84.2159, 28.56204 ], [ 84.21586, 28.56204 ], [ 84.21586, 28.56201 ], [ 84.21588, 28.56203 ], [ 84.21582, 28.56207 ], [ 84.21562, 28.56216 ], [ 84.21555, 28.56222 ], [ 84.21547, 28.56223 ], [ 84.21537, 28.56231 ], [ 84.21503, 28.56243 ], [ 84.21474, 28.56259 ], [ 84.21457, 28.56263 ], [ 84.21441, 28.56273 ], [ 84.21422, 28.56295 ], [ 84.2142, 28.56293 ], [ 84.21415, 28.563 ], [ 84.214, 28.5631 ], [ 84.21386, 28.56323 ], [ 84.21375, 28.5634 ], [ 84.21369, 28.56345 ], [ 84.21369, 28.56342 ], [ 84.21342, 28.56368 ], [ 84.21325, 28.56378 ], [ 84.21317, 28.5639 ], [ 84.21294, 28.56409 ], [ 84.2128, 28.56433 ], [ 84.21231, 28.56467 ], [ 84.21213, 28.56491 ], [ 84.21178, 28.5652 ], [ 84.21146, 28.56564 ], [ 84.21107, 28.56624 ], [ 84.21103, 28.56641 ], [ 84.21092, 28.56659 ], [ 84.21084, 28.56681 ], [ 84.21056, 28.56718 ], [ 84.21028, 28.56736 ], [ 84.21011, 28.56755 ], [ 84.20996, 28.56765 ], [ 84.20995, 28.56772 ], [ 84.2098, 28.56783 ], [ 84.20952, 28.56798 ], [ 84.20939, 28.56801 ], [ 84.20917, 28.56802 ], [ 84.20877, 28.56788 ], [ 84.2087, 28.56788 ], [ 84.20856, 28.56802 ], [ 84.20815, 28.56827 ], [ 84.20787, 28.56831 ], [ 84.20764, 28.56838 ], [ 84.20762, 28.56837 ], [ 84.20748, 28.56842 ], [ 84.20747, 28.56839 ], [ 84.20745, 28.56838 ], [ 84.2073, 28.56841 ], [ 84.2072, 28.56848 ], [ 84.20713, 28.56849 ], [ 84.20702, 28.56843 ], [ 84.20689, 28.56842 ], [ 84.20674, 28.56844 ], [ 84.20662, 28.56852 ], [ 84.20616, 28.56847 ], [ 84.20621, 28.56853 ], [ 84.20617, 28.56849 ], [ 84.20611, 28.56847 ], [ 84.20597, 28.56844 ], [ 84.20585, 28.56844 ], [ 84.2057, 28.56849 ], [ 84.2055, 28.56849 ], [ 84.20517, 28.56857 ], [ 84.20479, 28.5686 ], [ 84.204, 28.56849 ], [ 84.20359, 28.56857 ], [ 84.20313, 28.56851 ], [ 84.20278, 28.56841 ], [ 84.2023, 28.56816 ], [ 84.20196, 28.5681 ], [ 84.20188, 28.56814 ], [ 84.20148, 28.5682 ], [ 84.20099, 28.56819 ], [ 84.20084, 28.5683 ], [ 84.20069, 28.56846 ], [ 84.20062, 28.56863 ], [ 84.20042, 28.56874 ], [ 84.20033, 28.5687 ], [ 84.20029, 28.56857 ], [ 84.20012, 28.56863 ], [ 84.1997, 28.5686 ], [ 84.1996, 28.56861 ], [ 84.19952, 28.56866 ], [ 84.19934, 28.56871 ], [ 84.19883, 28.56899 ], [ 84.19872, 28.569 ], [ 84.19844, 28.56915 ], [ 84.19832, 28.56928 ], [ 84.19829, 28.56938 ], [ 84.198, 28.56991 ], [ 84.19792, 28.56998 ], [ 84.19783, 28.57023 ], [ 84.1976, 28.57046 ], [ 84.19751, 28.5705 ], [ 84.19722, 28.57055 ], [ 84.19696, 28.57074 ], [ 84.1968, 28.57081 ], [ 84.19663, 28.57099 ], [ 84.19637, 28.57108 ], [ 84.19598, 28.57116 ], [ 84.19548, 28.5711 ], [ 84.19531, 28.57113 ], [ 84.19531, 28.57111 ], [ 84.19529, 28.57113 ], [ 84.1953, 28.5711 ], [ 84.19533, 28.57115 ], [ 84.19541, 28.57115 ], [ 84.19572, 28.57127 ], [ 84.19575, 28.57132 ], [ 84.19572, 28.57136 ], [ 84.19561, 28.57139 ], [ 84.19547, 28.57139 ], [ 84.19533, 28.57143 ], [ 84.19517, 28.57157 ], [ 84.19508, 28.57173 ], [ 84.19507, 28.57169 ], [ 84.19505, 28.57174 ], [ 84.19498, 28.57177 ], [ 84.19481, 28.57192 ], [ 84.19446, 28.57216 ], [ 84.19417, 28.57221 ], [ 84.19406, 28.57226 ], [ 84.19402, 28.5723 ], [ 84.19389, 28.57225 ], [ 84.19303, 28.57242 ], [ 84.19251, 28.57256 ], [ 84.19254, 28.57254 ], [ 84.19226, 28.57267 ], [ 84.19229, 28.57268 ], [ 84.19221, 28.57265 ], [ 84.19205, 28.57267 ], [ 84.19188, 28.57273 ], [ 84.19146, 28.57279 ], [ 84.19132, 28.57284 ], [ 84.19114, 28.57285 ], [ 84.19083, 28.57291 ], [ 84.19056, 28.57292 ], [ 84.19013, 28.57301 ], [ 84.18994, 28.57301 ], [ 84.1899, 28.57304 ], [ 84.18993, 28.573 ], [ 84.18963, 28.57308 ], [ 84.18974, 28.57301 ], [ 84.18947, 28.57312 ], [ 84.18921, 28.57317 ], [ 84.18917, 28.57321 ], [ 84.18871, 28.57324 ], [ 84.18829, 28.57324 ], [ 84.18821, 28.57328 ], [ 84.18788, 28.57405 ], [ 84.18771, 28.57428 ], [ 84.18759, 28.5745 ], [ 84.1875, 28.57476 ], [ 84.18745, 28.57502 ], [ 84.18722, 28.57533 ], [ 84.18705, 28.57576 ], [ 84.18689, 28.57608 ], [ 84.18667, 28.57667 ], [ 84.18641, 28.57687 ], [ 84.18614, 28.57697 ], [ 84.18592, 28.57732 ], [ 84.18591, 28.57741 ], [ 84.18555, 28.57766 ], [ 84.1854, 28.57792 ], [ 84.1853, 28.57803 ], [ 84.18519, 28.57831 ], [ 84.1852, 28.57838 ], [ 84.18517, 28.57845 ], [ 84.18492, 28.57873 ], [ 84.18476, 28.57884 ], [ 84.18464, 28.57914 ], [ 84.18455, 28.57926 ], [ 84.18459, 28.57928 ], [ 84.18463, 28.57951 ], [ 84.18454, 28.57981 ], [ 84.18453, 28.58017 ], [ 84.18449, 28.58014 ], [ 84.18442, 28.58014 ], [ 84.1844, 28.5802 ], [ 84.18434, 28.58023 ], [ 84.18447, 28.5801 ], [ 84.18446, 28.58012 ], [ 84.18449, 28.58013 ], [ 84.1845, 28.58041 ], [ 84.18447, 28.58047 ], [ 84.18441, 28.58056 ], [ 84.18434, 28.58058 ], [ 84.184, 28.58062 ], [ 84.18396, 28.58073 ], [ 84.18395, 28.58093 ], [ 84.18381, 28.58103 ], [ 84.18358, 28.58133 ], [ 84.18358, 28.58143 ], [ 84.1836, 28.58147 ], [ 84.18371, 28.58154 ], [ 84.18383, 28.58147 ], [ 84.18395, 28.58147 ], [ 84.18395, 28.58151 ], [ 84.18392, 28.5815 ], [ 84.18393, 28.58153 ], [ 84.18386, 28.58164 ], [ 84.18381, 28.58181 ], [ 84.18377, 28.58184 ], [ 84.18365, 28.58186 ], [ 84.18356, 28.58201 ], [ 84.18359, 28.582 ], [ 84.18359, 28.58229 ], [ 84.18372, 28.5827 ], [ 84.18378, 28.58276 ], [ 84.18381, 28.58269 ], [ 84.1839, 28.5827 ], [ 84.18392, 28.58283 ], [ 84.18384, 28.58299 ], [ 84.18387, 28.5831 ], [ 84.18395, 28.58318 ], [ 84.18414, 28.5833 ], [ 84.18437, 28.5835 ], [ 84.18445, 28.58362 ], [ 84.1847, 28.58379 ], [ 84.18471, 28.58388 ], [ 84.18482, 28.58399 ], [ 84.18492, 28.58426 ], [ 84.18501, 28.58437 ], [ 84.18499, 28.58436 ], [ 84.18505, 28.58448 ], [ 84.18505, 28.58465 ], [ 84.1849, 28.58477 ], [ 84.18497, 28.58483 ], [ 84.18494, 28.58496 ], [ 84.18489, 28.58504 ], [ 84.1849, 28.58513 ], [ 84.18497, 28.5852 ], [ 84.18519, 28.5853 ], [ 84.18536, 28.58552 ], [ 84.18566, 28.58564 ], [ 84.18582, 28.58561 ], [ 84.18594, 28.58564 ], [ 84.18592, 28.58574 ], [ 84.1859, 28.58574 ], [ 84.18593, 28.58581 ], [ 84.18605, 28.58586 ], [ 84.1861, 28.58584 ], [ 84.18605, 28.58584 ], [ 84.18607, 28.58587 ], [ 84.18611, 28.58588 ], [ 84.18632, 28.58602 ], [ 84.18659, 28.58609 ], [ 84.18674, 28.58617 ], [ 84.18675, 28.58622 ], [ 84.18687, 28.58628 ], [ 84.18698, 28.58638 ], [ 84.1872, 28.5865 ], [ 84.18725, 28.58657 ], [ 84.18725, 28.58662 ], [ 84.1872, 28.58662 ], [ 84.18721, 28.58665 ], [ 84.18717, 28.58665 ], [ 84.18718, 28.58661 ], [ 84.18685, 28.58684 ], [ 84.18682, 28.58689 ], [ 84.18683, 28.58687 ], [ 84.18686, 28.58689 ], [ 84.18677, 28.58691 ], [ 84.18679, 28.58699 ], [ 84.18697, 28.58712 ], [ 84.18696, 28.58716 ], [ 84.18683, 28.58719 ], [ 84.1868, 28.58722 ], [ 84.18692, 28.58724 ], [ 84.18693, 28.58727 ], [ 84.1868, 28.58729 ], [ 84.18672, 28.58727 ], [ 84.18663, 28.5873 ], [ 84.18659, 28.58727 ], [ 84.18661, 28.58728 ], [ 84.18657, 28.58729 ], [ 84.18658, 28.58726 ], [ 84.18659, 28.58732 ], [ 84.18697, 28.58748 ], [ 84.18676, 28.5875 ], [ 84.18659, 28.58746 ], [ 84.1865, 28.58749 ], [ 84.18647, 28.58752 ], [ 84.18653, 28.58748 ], [ 84.18651, 28.5875 ], [ 84.18649, 28.58746 ], [ 84.18653, 28.58747 ], [ 84.18657, 28.58756 ], [ 84.18663, 28.5876 ], [ 84.1867, 28.58774 ], [ 84.18665, 28.58779 ], [ 84.18663, 28.58791 ], [ 84.18657, 28.5879 ], [ 84.18662, 28.58795 ], [ 84.18662, 28.58803 ], [ 84.18655, 28.58809 ], [ 84.18651, 28.5882 ], [ 84.18645, 28.58825 ], [ 84.18645, 28.58838 ], [ 84.18639, 28.5885 ], [ 84.18627, 28.58864 ], [ 84.18626, 28.58885 ], [ 84.18619, 28.58887 ], [ 84.18614, 28.58886 ], [ 84.18614, 28.58879 ], [ 84.18613, 28.58892 ], [ 84.18593, 28.58929 ], [ 84.18567, 28.58952 ], [ 84.18569, 28.58961 ], [ 84.18565, 28.58973 ], [ 84.18558, 28.58978 ], [ 84.18555, 28.58988 ], [ 84.18548, 28.58998 ], [ 84.18541, 28.5903 ], [ 84.18535, 28.59036 ], [ 84.18531, 28.59047 ], [ 84.18522, 28.59059 ], [ 84.1852, 28.59069 ], [ 84.18515, 28.59075 ], [ 84.18517, 28.59088 ], [ 84.18515, 28.59098 ], [ 84.18521, 28.59107 ], [ 84.18519, 28.59109 ], [ 84.18528, 28.59127 ], [ 84.18531, 28.59146 ], [ 84.1854, 28.59169 ], [ 84.1854, 28.59184 ], [ 84.18545, 28.59193 ], [ 84.1855, 28.59196 ], [ 84.18545, 28.59207 ], [ 84.1855, 28.59213 ], [ 84.18551, 28.59223 ], [ 84.18559, 28.59244 ], [ 84.18549, 28.59237 ], [ 84.18557, 28.59246 ], [ 84.18558, 28.59253 ], [ 84.18565, 28.59256 ], [ 84.18566, 28.59261 ], [ 84.18562, 28.5928 ], [ 84.18558, 28.59283 ], [ 84.18558, 28.59296 ], [ 84.18555, 28.59301 ], [ 84.18552, 28.59333 ], [ 84.18546, 28.59355 ], [ 84.18556, 28.59369 ], [ 84.18561, 28.59392 ], [ 84.18556, 28.59406 ], [ 84.18534, 28.59436 ], [ 84.18536, 28.59464 ], [ 84.18529, 28.59464 ], [ 84.18534, 28.59465 ], [ 84.1853, 28.59463 ], [ 84.18535, 28.59464 ], [ 84.18526, 28.59494 ], [ 84.18529, 28.59504 ], [ 84.18533, 28.59504 ], [ 84.18527, 28.59508 ], [ 84.18526, 28.59514 ], [ 84.1852, 28.59511 ], [ 84.18524, 28.59513 ], [ 84.18521, 28.59531 ], [ 84.1852, 28.59534 ], [ 84.18517, 28.59535 ], [ 84.18516, 28.59534 ], [ 84.18509, 28.59551 ], [ 84.18504, 28.59555 ], [ 84.18499, 28.59576 ], [ 84.18489, 28.59598 ], [ 84.18493, 28.59609 ], [ 84.1849, 28.59605 ], [ 84.18492, 28.59611 ], [ 84.18489, 28.59611 ], [ 84.18499, 28.5963 ], [ 84.18492, 28.59657 ], [ 84.1846, 28.59688 ], [ 84.1845, 28.59723 ], [ 84.18459, 28.59742 ], [ 84.18461, 28.59758 ], [ 84.1848, 28.59789 ], [ 84.18473, 28.59802 ], [ 84.18474, 28.59819 ], [ 84.18469, 28.59828 ], [ 84.18469, 28.59855 ], [ 84.18452, 28.59901 ], [ 84.18407, 28.59947 ], [ 84.1841, 28.59946 ], [ 84.1841, 28.59949 ], [ 84.18397, 28.59957 ], [ 84.18388, 28.5997 ], [ 84.18366, 28.59983 ], [ 84.18351, 28.59996 ], [ 84.18319, 28.60016 ], [ 84.18305, 28.60021 ], [ 84.18301, 28.60019 ], [ 84.18301, 28.60024 ], [ 84.18284, 28.60046 ], [ 84.18267, 28.60062 ], [ 84.18238, 28.60102 ], [ 84.18223, 28.60113 ], [ 84.18209, 28.60131 ], [ 84.18203, 28.60134 ], [ 84.18183, 28.60137 ], [ 84.18172, 28.60143 ], [ 84.18132, 28.60177 ], [ 84.18119, 28.60179 ], [ 84.18062, 28.60208 ], [ 84.18043, 28.60211 ], [ 84.18038, 28.60202 ], [ 84.18029, 28.60199 ], [ 84.1799, 28.60227 ], [ 84.17993, 28.60233 ], [ 84.17984, 28.6023 ], [ 84.17961, 28.60237 ], [ 84.17937, 28.60239 ], [ 84.17887, 28.60236 ], [ 84.17795, 28.60245 ], [ 84.17773, 28.60249 ], [ 84.17756, 28.60257 ], [ 84.17736, 28.60262 ], [ 84.17725, 28.60262 ], [ 84.17708, 28.6027 ], [ 84.17662, 28.60277 ], [ 84.17597, 28.60299 ], [ 84.17588, 28.60299 ], [ 84.17589, 28.60295 ], [ 84.17591, 28.60299 ], [ 84.17589, 28.60302 ], [ 84.17552, 28.60317 ], [ 84.17516, 28.60336 ], [ 84.17491, 28.60346 ], [ 84.17474, 28.60359 ], [ 84.17453, 28.60381 ], [ 84.17429, 28.60399 ], [ 84.17388, 28.60416 ], [ 84.17354, 28.60426 ], [ 84.17335, 28.60435 ], [ 84.17271, 28.60443 ], [ 84.17172, 28.60477 ], [ 84.17171, 28.60485 ], [ 84.17174, 28.60502 ], [ 84.17171, 28.60511 ], [ 84.17159, 28.60519 ], [ 84.17154, 28.60532 ], [ 84.17128, 28.60545 ], [ 84.17122, 28.60561 ], [ 84.17123, 28.60576 ], [ 84.1712, 28.60585 ], [ 84.17106, 28.60604 ], [ 84.17064, 28.6064 ], [ 84.17012, 28.60666 ], [ 84.16961, 28.60719 ], [ 84.16946, 28.60722 ], [ 84.16923, 28.60721 ], [ 84.16918, 28.60724 ], [ 84.16909, 28.60739 ], [ 84.16903, 28.60742 ], [ 84.16876, 28.60741 ], [ 84.16868, 28.60743 ], [ 84.16836, 28.60765 ], [ 84.16794, 28.60781 ], [ 84.16757, 28.6079 ], [ 84.16706, 28.60816 ], [ 84.16668, 28.60824 ], [ 84.16646, 28.60825 ], [ 84.16616, 28.60849 ], [ 84.16605, 28.60854 ], [ 84.16551, 28.60864 ], [ 84.16534, 28.60873 ], [ 84.16511, 28.60878 ], [ 84.16462, 28.60903 ], [ 84.16364, 28.60936 ], [ 84.16332, 28.60955 ], [ 84.16243, 28.60995 ], [ 84.16214, 28.61004 ], [ 84.16194, 28.61006 ], [ 84.16184, 28.61009 ], [ 84.16169, 28.61023 ], [ 84.16131, 28.6104 ], [ 84.16117, 28.61053 ], [ 84.16097, 28.61064 ], [ 84.16081, 28.6108 ], [ 84.16061, 28.6109 ], [ 84.16051, 28.61098 ], [ 84.16002, 28.61118 ], [ 84.15994, 28.61128 ], [ 84.15983, 28.61128 ], [ 84.15974, 28.61131 ], [ 84.15973, 28.61129 ], [ 84.15941, 28.61144 ], [ 84.15934, 28.61154 ], [ 84.15929, 28.61174 ], [ 84.15924, 28.61179 ], [ 84.15895, 28.61192 ], [ 84.15877, 28.61204 ], [ 84.15837, 28.61221 ], [ 84.15818, 28.61228 ], [ 84.15804, 28.6123 ], [ 84.15765, 28.61254 ], [ 84.15745, 28.61261 ], [ 84.15715, 28.61279 ], [ 84.15701, 28.61283 ], [ 84.15687, 28.61297 ], [ 84.15679, 28.61311 ], [ 84.15661, 28.61328 ], [ 84.15644, 28.61341 ], [ 84.15619, 28.61355 ], [ 84.15593, 28.61363 ], [ 84.15567, 28.61378 ], [ 84.15547, 28.61384 ], [ 84.15546, 28.61382 ], [ 84.15539, 28.61388 ], [ 84.15495, 28.61409 ], [ 84.15474, 28.61414 ], [ 84.15457, 28.61426 ], [ 84.15437, 28.61433 ], [ 84.15389, 28.61439 ], [ 84.15379, 28.61443 ], [ 84.15355, 28.61459 ], [ 84.15344, 28.61473 ], [ 84.15329, 28.61484 ], [ 84.15307, 28.61493 ], [ 84.15284, 28.61499 ], [ 84.15278, 28.61509 ], [ 84.15273, 28.61509 ], [ 84.1528, 28.61502 ], [ 84.1527, 28.61514 ], [ 84.15272, 28.61522 ], [ 84.15266, 28.61531 ], [ 84.15262, 28.61546 ], [ 84.15265, 28.61541 ], [ 84.15265, 28.6153 ], [ 84.15269, 28.61525 ], [ 84.15261, 28.61545 ], [ 84.15261, 28.61552 ], [ 84.15266, 28.61565 ], [ 84.15288, 28.61596 ], [ 84.15288, 28.61624 ], [ 84.15284, 28.61639 ], [ 84.15285, 28.6166 ], [ 84.15299, 28.61676 ], [ 84.15305, 28.61688 ], [ 84.15305, 28.61686 ], [ 84.15311, 28.61692 ], [ 84.15309, 28.61712 ], [ 84.15324, 28.61756 ], [ 84.15316, 28.61772 ], [ 84.15293, 28.61799 ], [ 84.15293, 28.61807 ], [ 84.15303, 28.61819 ], [ 84.1531, 28.61841 ], [ 84.15313, 28.61844 ], [ 84.15327, 28.6185 ], [ 84.15345, 28.61868 ], [ 84.15352, 28.61872 ], [ 84.15353, 28.6188 ], [ 84.1535, 28.61885 ], [ 84.15353, 28.61891 ], [ 84.15352, 28.61894 ], [ 84.15347, 28.61895 ], [ 84.15351, 28.61902 ], [ 84.15349, 28.61909 ], [ 84.1528, 28.61925 ], [ 84.15221, 28.61922 ], [ 84.15198, 28.61913 ], [ 84.15151, 28.61927 ], [ 84.15138, 28.61936 ], [ 84.15121, 28.61955 ], [ 84.15105, 28.61959 ], [ 84.15079, 28.61959 ], [ 84.15058, 28.61962 ], [ 84.15043, 28.61968 ], [ 84.15029, 28.61984 ], [ 84.15019, 28.61988 ], [ 84.14987, 28.61985 ], [ 84.1499, 28.61984 ], [ 84.14969, 28.61984 ], [ 84.14989, 28.61986 ], [ 84.14963, 28.61984 ], [ 84.14926, 28.61984 ], [ 84.14902, 28.61981 ], [ 84.14856, 28.61968 ], [ 84.14818, 28.61971 ], [ 84.14789, 28.61982 ], [ 84.1478, 28.61992 ], [ 84.14766, 28.62023 ], [ 84.14749, 28.62038 ], [ 84.14731, 28.62073 ], [ 84.14727, 28.62077 ], [ 84.1471, 28.62085 ], [ 84.14691, 28.62106 ], [ 84.14649, 28.62137 ], [ 84.14587, 28.6216 ], [ 84.14545, 28.62167 ], [ 84.14512, 28.62166 ], [ 84.14456, 28.62178 ], [ 84.1444, 28.62184 ], [ 84.14426, 28.62196 ], [ 84.14408, 28.62202 ], [ 84.14392, 28.62211 ], [ 84.14363, 28.62222 ], [ 84.14353, 28.62224 ], [ 84.14333, 28.62238 ], [ 84.14309, 28.62244 ], [ 84.14293, 28.62254 ], [ 84.14283, 28.62257 ], [ 84.1426, 28.62273 ], [ 84.14236, 28.62305 ], [ 84.14231, 28.62323 ], [ 84.14232, 28.6233 ], [ 84.14227, 28.62341 ], [ 84.14224, 28.62354 ], [ 84.14196, 28.62391 ], [ 84.14176, 28.62424 ], [ 84.14133, 28.62467 ], [ 84.14108, 28.62486 ], [ 84.14105, 28.62493 ], [ 84.14064, 28.62532 ], [ 84.14052, 28.62546 ], [ 84.14042, 28.62553 ], [ 84.14018, 28.6256 ], [ 84.14014, 28.62564 ], [ 84.14008, 28.62574 ], [ 84.14015, 28.62605 ], [ 84.14012, 28.6261 ], [ 84.14006, 28.62613 ], [ 84.13999, 28.62623 ], [ 84.13983, 28.62633 ], [ 84.13897, 28.62654 ], [ 84.13847, 28.62674 ], [ 84.13757, 28.62744 ], [ 84.13736, 28.62769 ], [ 84.13707, 28.62819 ], [ 84.13701, 28.62835 ], [ 84.13688, 28.6285 ], [ 84.13663, 28.62906 ], [ 84.13645, 28.62925 ], [ 84.1363, 28.62949 ], [ 84.13624, 28.63041 ], [ 84.13614, 28.63063 ], [ 84.13612, 28.63077 ], [ 84.13612, 28.63164 ], [ 84.13598, 28.63196 ], [ 84.13589, 28.63228 ], [ 84.13582, 28.63277 ], [ 84.13576, 28.63289 ], [ 84.13565, 28.63334 ], [ 84.13563, 28.63359 ], [ 84.1356, 28.63364 ], [ 84.13554, 28.63362 ], [ 84.13547, 28.63386 ], [ 84.13548, 28.634 ], [ 84.13572, 28.63407 ], [ 84.13586, 28.63416 ], [ 84.1361, 28.63447 ], [ 84.13626, 28.63462 ], [ 84.13641, 28.63471 ], [ 84.1364, 28.63478 ], [ 84.13624, 28.63485 ], [ 84.13626, 28.63489 ], [ 84.13623, 28.63493 ], [ 84.13611, 28.63497 ], [ 84.13582, 28.63517 ], [ 84.13572, 28.63536 ], [ 84.13585, 28.63547 ], [ 84.13594, 28.63544 ], [ 84.13594, 28.63553 ], [ 84.13609, 28.63549 ], [ 84.13612, 28.63551 ], [ 84.13607, 28.63558 ], [ 84.13616, 28.63557 ], [ 84.13607, 28.63571 ], [ 84.13603, 28.63596 ], [ 84.13632, 28.63582 ], [ 84.13653, 28.63582 ], [ 84.1366, 28.63577 ], [ 84.13676, 28.63575 ], [ 84.13671, 28.63578 ], [ 84.1367, 28.63576 ], [ 84.13674, 28.63575 ], [ 84.13673, 28.63592 ], [ 84.13682, 28.63594 ], [ 84.13682, 28.63597 ], [ 84.1367, 28.63611 ], [ 84.13687, 28.63612 ], [ 84.13701, 28.63622 ], [ 84.13709, 28.63631 ], [ 84.13706, 28.63633 ], [ 84.13725, 28.63638 ], [ 84.13748, 28.63653 ], [ 84.13756, 28.63663 ], [ 84.13775, 28.63674 ], [ 84.13786, 28.63678 ], [ 84.138, 28.63687 ], [ 84.13795, 28.63684 ], [ 84.13796, 28.63686 ], [ 84.1382, 28.63695 ], [ 84.13792, 28.63705 ], [ 84.13793, 28.63703 ], [ 84.13811, 28.63715 ], [ 84.13824, 28.63728 ], [ 84.13822, 28.63734 ], [ 84.13818, 28.63727 ], [ 84.13812, 28.63732 ], [ 84.13805, 28.63734 ], [ 84.13737, 28.63731 ], [ 84.13727, 28.63732 ], [ 84.13722, 28.63735 ], [ 84.13726, 28.63734 ], [ 84.13732, 28.63737 ], [ 84.13721, 28.63744 ], [ 84.13751, 28.63753 ], [ 84.13755, 28.63757 ], [ 84.13733, 28.63762 ], [ 84.13762, 28.63773 ], [ 84.13765, 28.63777 ], [ 84.13747, 28.63782 ], [ 84.13732, 28.63794 ], [ 84.13721, 28.63798 ], [ 84.13715, 28.63805 ], [ 84.13716, 28.63807 ], [ 84.13721, 28.63804 ], [ 84.13735, 28.63806 ], [ 84.13779, 28.63823 ], [ 84.13774, 28.63823 ], [ 84.13748, 28.63837 ], [ 84.13736, 28.63859 ], [ 84.13729, 28.63865 ], [ 84.1373, 28.63867 ], [ 84.13749, 28.63865 ], [ 84.13769, 28.63861 ], [ 84.13778, 28.63862 ], [ 84.1379, 28.63867 ], [ 84.13788, 28.63871 ], [ 84.13777, 28.63877 ], [ 84.1377, 28.63888 ], [ 84.13763, 28.63891 ], [ 84.13794, 28.63885 ], [ 84.13803, 28.63888 ], [ 84.13792, 28.63896 ], [ 84.13787, 28.63904 ], [ 84.13774, 28.63915 ], [ 84.13776, 28.63915 ], [ 84.13773, 28.63914 ], [ 84.13793, 28.63918 ], [ 84.13813, 28.63918 ], [ 84.13822, 28.63923 ], [ 84.13819, 28.6393 ], [ 84.13802, 28.63938 ], [ 84.13813, 28.63942 ], [ 84.13822, 28.63952 ], [ 84.13836, 28.63961 ], [ 84.13836, 28.63964 ], [ 84.13796, 28.63971 ], [ 84.13756, 28.63991 ], [ 84.13747, 28.64 ], [ 84.13738, 28.64021 ], [ 84.1374, 28.64022 ], [ 84.13748, 28.64017 ], [ 84.13758, 28.64017 ], [ 84.13746, 28.6404 ], [ 84.13747, 28.6405 ], [ 84.13745, 28.64054 ], [ 84.13748, 28.64055 ], [ 84.13751, 28.64065 ], [ 84.13756, 28.64069 ], [ 84.13763, 28.64081 ], [ 84.13764, 28.6409 ], [ 84.13756, 28.64106 ], [ 84.13743, 28.64112 ], [ 84.13729, 28.64133 ], [ 84.13727, 28.6414 ], [ 84.13729, 28.64143 ], [ 84.13739, 28.64143 ], [ 84.13744, 28.64159 ], [ 84.13742, 28.64113 ], [ 84.13743, 28.64116 ], [ 84.13729, 28.64138 ], [ 84.13732, 28.64145 ], [ 84.13738, 28.64145 ], [ 84.13745, 28.6415 ], [ 84.1374, 28.64172 ], [ 84.13751, 28.64161 ], [ 84.13755, 28.64147 ], [ 84.13759, 28.64141 ], [ 84.13785, 28.64132 ], [ 84.13798, 28.64117 ], [ 84.13819, 28.64106 ], [ 84.13842, 28.641 ], [ 84.13888, 28.64079 ], [ 84.13938, 28.64076 ], [ 84.13968, 28.64069 ], [ 84.1399, 28.64053 ], [ 84.1402, 28.64047 ], [ 84.14051, 28.64034 ], [ 84.14093, 28.64032 ], [ 84.14097, 28.64025 ], [ 84.14106, 28.64019 ], [ 84.14114, 28.64021 ], [ 84.14104, 28.64022 ], [ 84.14092, 28.64034 ], [ 84.14075, 28.64037 ], [ 84.14051, 28.64037 ], [ 84.14016, 28.6405 ], [ 84.13993, 28.64054 ], [ 84.13966, 28.64069 ], [ 84.13946, 28.64075 ], [ 84.13934, 28.64078 ], [ 84.13888, 28.64081 ], [ 84.13837, 28.64103 ], [ 84.13818, 28.64107 ], [ 84.13797, 28.64118 ], [ 84.13783, 28.64135 ], [ 84.13755, 28.64145 ], [ 84.13747, 28.64167 ], [ 84.13722, 28.64181 ], [ 84.1372, 28.64201 ], [ 84.13724, 28.64205 ], [ 84.13724, 28.64218 ], [ 84.1372, 28.64237 ], [ 84.13709, 28.6425 ], [ 84.13709, 28.64257 ], [ 84.1368, 28.64273 ], [ 84.13682, 28.64279 ], [ 84.13688, 28.64284 ], [ 84.13686, 28.64288 ], [ 84.13689, 28.64301 ], [ 84.13711, 28.64321 ], [ 84.13717, 28.64338 ], [ 84.13754, 28.64364 ], [ 84.13749, 28.64414 ], [ 84.13742, 28.64428 ], [ 84.13736, 28.64453 ], [ 84.13736, 28.64477 ], [ 84.13728, 28.64498 ], [ 84.13704, 28.64535 ], [ 84.13675, 28.64568 ], [ 84.13673, 28.64581 ], [ 84.13669, 28.64587 ], [ 84.13659, 28.64612 ], [ 84.13651, 28.64625 ], [ 84.13641, 28.64633 ], [ 84.13639, 28.64649 ], [ 84.1363, 28.6466 ], [ 84.13635, 28.64666 ], [ 84.13632, 28.64677 ], [ 84.13632, 28.6469 ], [ 84.13628, 28.64692 ], [ 84.13621, 28.64717 ], [ 84.13618, 28.64735 ], [ 84.13619, 28.6474 ], [ 84.13615, 28.64752 ], [ 84.13605, 28.6476 ], [ 84.13607, 28.64764 ], [ 84.13609, 28.64763 ], [ 84.13611, 28.64769 ], [ 84.13607, 28.64777 ], [ 84.13609, 28.64792 ], [ 84.13598, 28.64826 ], [ 84.13591, 28.64832 ], [ 84.13591, 28.64838 ], [ 84.13585, 28.64844 ], [ 84.13595, 28.64849 ], [ 84.13595, 28.64854 ], [ 84.1361, 28.6486 ], [ 84.13601, 28.64857 ], [ 84.136, 28.6486 ], [ 84.13604, 28.64869 ], [ 84.13594, 28.64871 ], [ 84.13599, 28.64874 ], [ 84.13605, 28.64874 ], [ 84.13608, 28.64869 ], [ 84.13603, 28.64861 ], [ 84.13605, 28.6486 ], [ 84.13598, 28.64856 ], [ 84.13599, 28.64851 ], [ 84.13591, 28.64849 ], [ 84.13591, 28.64841 ], [ 84.13602, 28.64826 ], [ 84.1361, 28.64802 ], [ 84.13615, 28.6477 ], [ 84.13614, 28.64767 ], [ 84.1361, 28.64764 ], [ 84.13611, 28.6476 ], [ 84.13622, 28.64746 ], [ 84.13619, 28.64738 ], [ 84.13625, 28.64734 ], [ 84.13627, 28.6473 ], [ 84.13633, 28.64705 ], [ 84.13637, 28.6467 ], [ 84.1363, 28.64661 ], [ 84.1364, 28.64651 ], [ 84.13644, 28.6463 ], [ 84.1366, 28.64614 ], [ 84.13675, 28.64583 ], [ 84.13678, 28.64564 ], [ 84.13703, 28.64538 ], [ 84.13731, 28.64494 ], [ 84.13736, 28.64477 ], [ 84.13737, 28.64458 ], [ 84.13743, 28.64441 ], [ 84.13743, 28.64433 ], [ 84.13751, 28.64414 ], [ 84.13758, 28.64367 ], [ 84.13737, 28.64354 ], [ 84.13718, 28.64338 ], [ 84.13714, 28.64323 ], [ 84.13694, 28.64306 ], [ 84.13685, 28.64286 ], [ 84.13687, 28.64281 ], [ 84.13683, 28.64275 ], [ 84.13685, 28.64271 ], [ 84.13704, 28.64261 ], [ 84.13725, 28.64235 ], [ 84.13726, 28.64219 ], [ 84.13718, 28.64193 ], [ 84.13727, 28.64177 ], [ 84.13743, 28.6417 ], [ 84.13742, 28.64152 ], [ 84.1374, 28.64146 ], [ 84.13734, 28.64147 ], [ 84.13731, 28.64133 ], [ 84.13756, 28.64103 ], [ 84.13744, 28.6411 ], [ 84.13729, 28.64127 ], [ 84.13733, 28.6414 ], [ 84.13741, 28.64144 ], [ 84.13741, 28.64163 ], [ 84.13741, 28.64167 ], [ 84.13724, 28.64176 ], [ 84.13721, 28.64189 ], [ 84.13721, 28.64206 ], [ 84.13725, 28.64218 ], [ 84.13723, 28.64234 ], [ 84.13702, 28.64258 ], [ 84.13682, 28.64263 ], [ 84.13683, 28.64266 ], [ 84.1367, 28.64272 ], [ 84.1364, 28.64311 ], [ 84.13616, 28.64334 ], [ 84.13589, 28.64376 ], [ 84.13582, 28.64381 ], [ 84.13534, 28.64442 ], [ 84.13522, 28.64469 ], [ 84.13518, 28.64491 ], [ 84.13513, 28.64505 ], [ 84.13502, 28.64518 ], [ 84.13483, 28.64533 ], [ 84.13458, 28.64567 ], [ 84.13407, 28.64621 ], [ 84.1339, 28.64653 ], [ 84.13378, 28.64655 ], [ 84.13352, 28.64639 ], [ 84.1334, 28.64625 ], [ 84.13329, 28.64619 ], [ 84.13321, 28.64612 ], [ 84.13274, 28.6459 ], [ 84.13262, 28.64588 ], [ 84.13215, 28.646 ], [ 84.13201, 28.64595 ], [ 84.13181, 28.64583 ], [ 84.13165, 28.64567 ], [ 84.13152, 28.64545 ], [ 84.13151, 28.64534 ], [ 84.13157, 28.64509 ], [ 84.13157, 28.64511 ], [ 84.13154, 28.64507 ], [ 84.13154, 28.64495 ], [ 84.13129, 28.64482 ], [ 84.13114, 28.64471 ], [ 84.13114, 28.64468 ], [ 84.13102, 28.64457 ], [ 84.13096, 28.64445 ], [ 84.13082, 28.64429 ], [ 84.13077, 28.64406 ], [ 84.13041, 28.64373 ], [ 84.13031, 28.64331 ], [ 84.13028, 28.64325 ], [ 84.13003, 28.64319 ], [ 84.12974, 28.64307 ], [ 84.12964, 28.64298 ], [ 84.12956, 28.64285 ], [ 84.12931, 28.6427 ], [ 84.12932, 28.64267 ], [ 84.12922, 28.64254 ], [ 84.12856, 28.64246 ], [ 84.12838, 28.6425 ], [ 84.12799, 28.64252 ], [ 84.12782, 28.64256 ], [ 84.1276, 28.64267 ], [ 84.1273, 28.64275 ], [ 84.12717, 28.64283 ], [ 84.12702, 28.64287 ], [ 84.12688, 28.64287 ], [ 84.12686, 28.64286 ], [ 84.12688, 28.64284 ], [ 84.1268, 28.64285 ], [ 84.12659, 28.64281 ], [ 84.12651, 28.64275 ], [ 84.12642, 28.64263 ], [ 84.12623, 28.64246 ], [ 84.12602, 28.64238 ], [ 84.12595, 28.64237 ], [ 84.12595, 28.64239 ], [ 84.12597, 28.64237 ], [ 84.12519, 28.64268 ], [ 84.12497, 28.64267 ], [ 84.12477, 28.64248 ], [ 84.12468, 28.64244 ], [ 84.12428, 28.6424 ], [ 84.12388, 28.64245 ], [ 84.12374, 28.64244 ], [ 84.12342, 28.64232 ], [ 84.12317, 28.64211 ], [ 84.12292, 28.64195 ], [ 84.12294, 28.64195 ], [ 84.12288, 28.64194 ], [ 84.12286, 28.64191 ], [ 84.12287, 28.64189 ], [ 84.12289, 28.64194 ], [ 84.12298, 28.642 ], [ 84.12288, 28.64193 ], [ 84.12293, 28.64196 ], [ 84.1229, 28.64215 ], [ 84.12293, 28.64241 ], [ 84.1229, 28.64272 ], [ 84.12275, 28.64307 ], [ 84.1226, 28.64331 ], [ 84.12258, 28.64342 ], [ 84.12234, 28.64379 ], [ 84.12232, 28.64393 ], [ 84.12218, 28.64419 ], [ 84.12218, 28.64417 ], [ 84.12208, 28.64418 ], [ 84.12201, 28.64413 ], [ 84.12192, 28.64404 ], [ 84.1214, 28.64371 ], [ 84.12108, 28.64345 ], [ 84.12088, 28.64335 ], [ 84.12032, 28.64297 ], [ 84.11966, 28.64242 ], [ 84.11942, 28.64229 ], [ 84.1193, 28.64227 ], [ 84.11873, 28.64225 ], [ 84.11838, 28.6423 ], [ 84.11786, 28.64257 ], [ 84.1175, 28.64294 ], [ 84.11714, 28.64302 ], [ 84.11702, 28.64302 ], [ 84.11678, 28.64299 ], [ 84.1167, 28.64295 ], [ 84.11663, 28.64286 ], [ 84.11661, 28.6427 ], [ 84.11652, 28.64239 ], [ 84.11627, 28.64193 ], [ 84.11613, 28.6415 ], [ 84.1161, 28.64145 ], [ 84.11599, 28.64142 ], [ 84.11576, 28.64162 ], [ 84.11547, 28.64175 ], [ 84.11539, 28.64182 ], [ 84.1153, 28.64197 ], [ 84.11516, 28.6421 ], [ 84.11485, 28.64227 ], [ 84.11454, 28.64226 ], [ 84.11423, 28.64218 ], [ 84.11408, 28.64217 ], [ 84.11379, 28.64204 ], [ 84.11372, 28.64203 ], [ 84.11325, 28.64219 ], [ 84.113, 28.64239 ], [ 84.11277, 28.64245 ], [ 84.11267, 28.6425 ], [ 84.11262, 28.64256 ], [ 84.11255, 28.64274 ], [ 84.11224, 28.64312 ], [ 84.11208, 28.64336 ], [ 84.11183, 28.64366 ], [ 84.11165, 28.64377 ], [ 84.11154, 28.64387 ], [ 84.11101, 28.64421 ], [ 84.11081, 28.64424 ], [ 84.11048, 28.64415 ], [ 84.11014, 28.64426 ], [ 84.10983, 28.6445 ], [ 84.10975, 28.64461 ], [ 84.10953, 28.64479 ], [ 84.10929, 28.64502 ], [ 84.10887, 28.64529 ], [ 84.10823, 28.6452 ], [ 84.10804, 28.64512 ], [ 84.10755, 28.64498 ], [ 84.10731, 28.64482 ], [ 84.10684, 28.64481 ], [ 84.10654, 28.64476 ], [ 84.10619, 28.64465 ], [ 84.10596, 28.64463 ], [ 84.10585, 28.64465 ], [ 84.1057, 28.64478 ], [ 84.10558, 28.64484 ], [ 84.10537, 28.6449 ], [ 84.10509, 28.6449 ], [ 84.10495, 28.645 ], [ 84.10492, 28.64506 ], [ 84.10494, 28.64519 ], [ 84.10491, 28.64521 ], [ 84.10489, 28.64546 ], [ 84.1051, 28.64588 ], [ 84.10519, 28.64619 ], [ 84.10519, 28.64661 ], [ 84.10524, 28.64677 ], [ 84.1052, 28.64736 ], [ 84.10512, 28.64752 ], [ 84.10482, 28.64776 ], [ 84.10462, 28.64783 ], [ 84.10458, 28.6479 ], [ 84.10455, 28.64815 ], [ 84.10439, 28.6483 ], [ 84.10366, 28.64853 ], [ 84.10359, 28.64854 ], [ 84.1034, 28.64844 ], [ 84.10316, 28.64836 ], [ 84.10298, 28.64824 ], [ 84.10258, 28.64828 ], [ 84.10232, 28.64822 ], [ 84.10223, 28.64825 ], [ 84.10206, 28.6484 ], [ 84.10143, 28.64851 ], [ 84.10138, 28.64858 ], [ 84.10141, 28.64865 ], [ 84.10127, 28.64864 ], [ 84.10119, 28.64869 ], [ 84.1012, 28.6489 ], [ 84.10117, 28.64889 ], [ 84.10123, 28.64896 ], [ 84.10128, 28.64893 ], [ 84.10122, 28.64895 ], [ 84.10125, 28.64899 ], [ 84.10125, 28.64904 ], [ 84.10114, 28.64915 ], [ 84.10109, 28.64926 ], [ 84.10103, 28.64958 ], [ 84.10093, 28.6498 ], [ 84.10092, 28.65009 ], [ 84.1009, 28.65015 ], [ 84.1006, 28.65039 ], [ 84.10028, 28.65077 ], [ 84.10005, 28.65093 ], [ 84.09988, 28.65115 ], [ 84.09975, 28.65117 ], [ 84.09967, 28.65113 ], [ 84.0997, 28.65114 ], [ 84.09962, 28.651 ], [ 84.09961, 28.6509 ], [ 84.09966, 28.65078 ], [ 84.09976, 28.6507 ], [ 84.09983, 28.65061 ], [ 84.09981, 28.65027 ], [ 84.09967, 28.64967 ], [ 84.09954, 28.64952 ], [ 84.09869, 28.64896 ], [ 84.09874, 28.64896 ], [ 84.09866, 28.64894 ], [ 84.09818, 28.64863 ], [ 84.09767, 28.64818 ], [ 84.09753, 28.64815 ], [ 84.09723, 28.64817 ], [ 84.09674, 28.64807 ], [ 84.09655, 28.64805 ], [ 84.09634, 28.64794 ], [ 84.09583, 28.64781 ], [ 84.09551, 28.64766 ], [ 84.0954, 28.64768 ], [ 84.0949, 28.64786 ], [ 84.09467, 28.6479 ], [ 84.09401, 28.64769 ], [ 84.09355, 28.64762 ], [ 84.09343, 28.64762 ], [ 84.09317, 28.64756 ], [ 84.09294, 28.64747 ], [ 84.09279, 28.64745 ], [ 84.09247, 28.64747 ], [ 84.09241, 28.64749 ], [ 84.09208, 28.64792 ], [ 84.09194, 28.64796 ], [ 84.09193, 28.6479 ], [ 84.09207, 28.64763 ], [ 84.09221, 28.64747 ], [ 84.09227, 28.64727 ], [ 84.09222, 28.64722 ], [ 84.09215, 28.6472 ], [ 84.09206, 28.64722 ], [ 84.09201, 28.64729 ], [ 84.09195, 28.6475 ], [ 84.0916, 28.64776 ], [ 84.09154, 28.64775 ], [ 84.09152, 28.6477 ], [ 84.09154, 28.64765 ], [ 84.09173, 28.64748 ], [ 84.09183, 28.64732 ], [ 84.0919, 28.64707 ], [ 84.09182, 28.647 ], [ 84.09171, 28.64705 ], [ 84.0916, 28.64728 ], [ 84.09143, 28.6474 ], [ 84.09087, 28.64761 ], [ 84.0906, 28.64776 ], [ 84.09015, 28.64793 ], [ 84.09017, 28.64792 ], [ 84.09012, 28.64797 ], [ 84.09012, 28.64806 ], [ 84.0903, 28.64837 ], [ 84.09028, 28.64849 ], [ 84.09001, 28.64873 ], [ 84.08989, 28.6488 ], [ 84.08925, 28.64884 ], [ 84.08862, 28.64863 ], [ 84.08823, 28.64857 ], [ 84.08806, 28.6486 ], [ 84.08775, 28.6487 ], [ 84.08723, 28.64883 ], [ 84.08699, 28.64885 ], [ 84.08682, 28.64883 ], [ 84.08659, 28.64885 ], [ 84.08634, 28.64878 ], [ 84.08556, 28.64869 ], [ 84.08543, 28.6487 ], [ 84.08513, 28.64882 ], [ 84.08489, 28.649 ], [ 84.08431, 28.64932 ], [ 84.08417, 28.64944 ], [ 84.0841, 28.64956 ], [ 84.0838, 28.64993 ], [ 84.08348, 28.65018 ], [ 84.08332, 28.65027 ], [ 84.08321, 28.65029 ], [ 84.0831, 28.65026 ], [ 84.08298, 28.65012 ], [ 84.08294, 28.64989 ], [ 84.08298, 28.64984 ], [ 84.08296, 28.64986 ], [ 84.08291, 28.64983 ], [ 84.08274, 28.64942 ], [ 84.08251, 28.64911 ], [ 84.08217, 28.64905 ], [ 84.08208, 28.64899 ], [ 84.08189, 28.64892 ], [ 84.08119, 28.64877 ], [ 84.08093, 28.64864 ], [ 84.08069, 28.64868 ], [ 84.08048, 28.64878 ], [ 84.08001, 28.6488 ], [ 84.07968, 28.64889 ], [ 84.07941, 28.64886 ], [ 84.07914, 28.6489 ], [ 84.07891, 28.64885 ], [ 84.07843, 28.64885 ], [ 84.07807, 28.649 ], [ 84.07772, 28.6492 ], [ 84.07752, 28.64926 ], [ 84.07715, 28.64946 ], [ 84.07683, 28.64957 ], [ 84.07653, 28.64962 ], [ 84.07631, 28.6497 ], [ 84.07627, 28.64968 ], [ 84.07627, 28.64972 ], [ 84.07628, 28.64967 ], [ 84.07622, 28.64971 ], [ 84.076, 28.64978 ], [ 84.07514, 28.64987 ], [ 84.07477, 28.64998 ], [ 84.0742, 28.65006 ], [ 84.07375, 28.6501 ], [ 84.07349, 28.65006 ], [ 84.07308, 28.65018 ], [ 84.07266, 28.65022 ], [ 84.07229, 28.65012 ], [ 84.07208, 28.6501 ], [ 84.07171, 28.65019 ], [ 84.07159, 28.65018 ], [ 84.07147, 28.65002 ], [ 84.0711, 28.64982 ], [ 84.07094, 28.64969 ], [ 84.07086, 28.64965 ], [ 84.07062, 28.64956 ], [ 84.07014, 28.64946 ], [ 84.06972, 28.64925 ], [ 84.06945, 28.64919 ], [ 84.06889, 28.649 ], [ 84.06871, 28.64897 ], [ 84.06846, 28.64898 ], [ 84.06801, 28.64891 ], [ 84.0673, 28.64889 ], [ 84.06715, 28.6488 ], [ 84.06695, 28.64875 ], [ 84.06671, 28.64881 ], [ 84.06662, 28.6488 ], [ 84.06645, 28.64874 ], [ 84.06647, 28.64876 ], [ 84.06613, 28.64873 ], [ 84.06569, 28.64873 ], [ 84.06552, 28.64877 ], [ 84.06529, 28.64877 ], [ 84.06506, 28.64884 ], [ 84.06447, 28.64888 ], [ 84.06412, 28.64883 ], [ 84.06364, 28.64873 ], [ 84.06321, 28.64867 ], [ 84.06309, 28.64867 ], [ 84.06298, 28.64864 ], [ 84.06291, 28.64859 ], [ 84.06262, 28.64848 ], [ 84.06228, 28.64842 ], [ 84.06203, 28.64835 ], [ 84.06153, 28.64811 ], [ 84.06126, 28.64793 ], [ 84.06116, 28.6479 ], [ 84.06107, 28.64794 ], [ 84.06112, 28.64792 ], [ 84.06114, 28.64782 ], [ 84.06057, 28.64739 ], [ 84.0605, 28.64735 ], [ 84.06037, 28.64733 ], [ 84.05966, 28.64759 ], [ 84.05933, 28.64746 ], [ 84.059, 28.64747 ], [ 84.05868, 28.64752 ], [ 84.05816, 28.64754 ], [ 84.05798, 28.64759 ], [ 84.05713, 28.64791 ], [ 84.05701, 28.64793 ], [ 84.05682, 28.64788 ], [ 84.05672, 28.64791 ], [ 84.0566, 28.64802 ], [ 84.05656, 28.64812 ], [ 84.05651, 28.64811 ], [ 84.05636, 28.64815 ], [ 84.0557, 28.64838 ], [ 84.05572, 28.64836 ], [ 84.05534, 28.64869 ], [ 84.05503, 28.64885 ], [ 84.05467, 28.64911 ], [ 84.05456, 28.64916 ], [ 84.05393, 28.64916 ], [ 84.05356, 28.64908 ], [ 84.05361, 28.64902 ], [ 84.0536, 28.64906 ], [ 84.05352, 28.64907 ], [ 84.05345, 28.64911 ], [ 84.05335, 28.64926 ], [ 84.05305, 28.64954 ], [ 84.05278, 28.64986 ], [ 84.05238, 28.65018 ], [ 84.05193, 28.65049 ], [ 84.05164, 28.65082 ], [ 84.05139, 28.65097 ], [ 84.05112, 28.65108 ], [ 84.05099, 28.6511 ], [ 84.05064, 28.65107 ], [ 84.04988, 28.65119 ], [ 84.04946, 28.65138 ], [ 84.04922, 28.65144 ], [ 84.04902, 28.65153 ], [ 84.04839, 28.65177 ], [ 84.04782, 28.65211 ], [ 84.04764, 28.65218 ], [ 84.04726, 28.65226 ], [ 84.04704, 28.65245 ], [ 84.04688, 28.65253 ], [ 84.04659, 28.65267 ], [ 84.04623, 28.65278 ], [ 84.046, 28.65298 ], [ 84.04561, 28.65315 ], [ 84.04536, 28.65331 ], [ 84.04513, 28.65355 ], [ 84.04504, 28.65372 ], [ 84.04499, 28.65364 ], [ 84.04503, 28.6537 ], [ 84.04486, 28.65401 ], [ 84.04419, 28.65468 ], [ 84.0441, 28.65475 ], [ 84.0438, 28.6549 ], [ 84.04371, 28.65502 ], [ 84.04334, 28.65511 ], [ 84.0429, 28.6553 ], [ 84.04261, 28.65552 ], [ 84.04241, 28.65573 ], [ 84.04237, 28.65568 ], [ 84.04238, 28.65553 ], [ 84.04247, 28.6552 ], [ 84.04231, 28.65516 ], [ 84.04236, 28.6552 ], [ 84.04227, 28.65519 ], [ 84.04187, 28.65535 ], [ 84.04142, 28.65586 ], [ 84.04115, 28.65611 ], [ 84.04106, 28.65627 ], [ 84.04091, 28.65637 ], [ 84.04063, 28.65668 ], [ 84.04039, 28.65687 ], [ 84.04042, 28.65689 ], [ 84.0402, 28.65696 ], [ 84.03967, 28.6572 ], [ 84.03939, 28.65738 ], [ 84.03936, 28.65738 ], [ 84.03888, 28.65773 ], [ 84.03796, 28.65824 ], [ 84.03676, 28.65878 ], [ 84.0367, 28.65878 ], [ 84.03628, 28.65896 ], [ 84.03591, 28.65908 ], [ 84.03544, 28.65914 ], [ 84.03526, 28.65912 ], [ 84.035, 28.65914 ], [ 84.03458, 28.65908 ], [ 84.0342, 28.65912 ], [ 84.03375, 28.65922 ], [ 84.03324, 28.65943 ], [ 84.03295, 28.65951 ], [ 84.03268, 28.65955 ], [ 84.03245, 28.65963 ], [ 84.03232, 28.65975 ], [ 84.03232, 28.65971 ], [ 84.03233, 28.65975 ], [ 84.03185, 28.66014 ], [ 84.03151, 28.66041 ], [ 84.03137, 28.66047 ], [ 84.03138, 28.66052 ], [ 84.03133, 28.66058 ], [ 84.03106, 28.66087 ], [ 84.02972, 28.66197 ], [ 84.02918, 28.66246 ], [ 84.02858, 28.66283 ], [ 84.02831, 28.66295 ], [ 84.02802, 28.66316 ], [ 84.02735, 28.66333 ], [ 84.02724, 28.66338 ], [ 84.02685, 28.66365 ], [ 84.02671, 28.66373 ], [ 84.02673, 28.6637 ], [ 84.0264, 28.66369 ], [ 84.02623, 28.66383 ], [ 84.02612, 28.66406 ], [ 84.02593, 28.66404 ], [ 84.02575, 28.66406 ], [ 84.02549, 28.66423 ], [ 84.02535, 28.66439 ], [ 84.0251, 28.66454 ], [ 84.02495, 28.66467 ], [ 84.02485, 28.66472 ], [ 84.02505, 28.66455 ], [ 84.02531, 28.6644 ], [ 84.02546, 28.66421 ], [ 84.02575, 28.664 ], [ 84.02607, 28.664 ], [ 84.02612, 28.66394 ], [ 84.02616, 28.6638 ], [ 84.02633, 28.66359 ], [ 84.02657, 28.66367 ], [ 84.0268, 28.66364 ], [ 84.02701, 28.66349 ], [ 84.02728, 28.66334 ], [ 84.02792, 28.66317 ], [ 84.02809, 28.6631 ], [ 84.02837, 28.66289 ], [ 84.02882, 28.66264 ], [ 84.02903, 28.66255 ], [ 84.02932, 28.66234 ], [ 84.02931, 28.66232 ], [ 84.02928, 28.66234 ], [ 84.0295, 28.66213 ], [ 84.03098, 28.66092 ], [ 84.03123, 28.66068 ], [ 84.03139, 28.6605 ], [ 84.03142, 28.66043 ], [ 84.03176, 28.66015 ], [ 84.03208, 28.65995 ], [ 84.03242, 28.65961 ], [ 84.03253, 28.65956 ], [ 84.03318, 28.6594 ], [ 84.03371, 28.65918 ], [ 84.0342, 28.65906 ], [ 84.03456, 28.65903 ], [ 84.03465, 28.65904 ], [ 84.03464, 28.65907 ], [ 84.03506, 28.65911 ], [ 84.03548, 28.65911 ], [ 84.03583, 28.65908 ], [ 84.03649, 28.65889 ], [ 84.03709, 28.65866 ], [ 84.03799, 28.65823 ], [ 84.03897, 28.65767 ], [ 84.03937, 28.65737 ], [ 84.03979, 28.65713 ], [ 84.04025, 28.65694 ], [ 84.04035, 28.65691 ], [ 84.04042, 28.65707 ], [ 84.04042, 28.65735 ], [ 84.04047, 28.65752 ], [ 84.04052, 28.65762 ], [ 84.04066, 28.65775 ], [ 84.04071, 28.65793 ], [ 84.04076, 28.65799 ], [ 84.04112, 28.65825 ], [ 84.04123, 28.65828 ], [ 84.0414, 28.65826 ], [ 84.04158, 28.65813 ], [ 84.0416, 28.65808 ], [ 84.04166, 28.65808 ], [ 84.0418, 28.65817 ], [ 84.04182, 28.65822 ], [ 84.04186, 28.65822 ], [ 84.04207, 28.65843 ], [ 84.04217, 28.65857 ], [ 84.04217, 28.65871 ], [ 84.04216, 28.65869 ], [ 84.04225, 28.65889 ], [ 84.04227, 28.65915 ], [ 84.04227, 28.65918 ], [ 84.04222, 28.65914 ], [ 84.04224, 28.65916 ], [ 84.04234, 28.65922 ], [ 84.04244, 28.65918 ], [ 84.04262, 28.65926 ], [ 84.04271, 28.65923 ], [ 84.04287, 28.65914 ], [ 84.04301, 28.65911 ], [ 84.0431, 28.65913 ], [ 84.04312, 28.65916 ], [ 84.04304, 28.65929 ], [ 84.04301, 28.6593 ], [ 84.04304, 28.65927 ], [ 84.04296, 28.65937 ], [ 84.04283, 28.65943 ], [ 84.04282, 28.65949 ], [ 84.0429, 28.65952 ], [ 84.04267, 28.65967 ], [ 84.04274, 28.65981 ], [ 84.04289, 28.65979 ], [ 84.04301, 28.65989 ], [ 84.04305, 28.65988 ], [ 84.04327, 28.65983 ], [ 84.04367, 28.65964 ], [ 84.04377, 28.65973 ], [ 84.04383, 28.65987 ], [ 84.04383, 28.65998 ], [ 84.04391, 28.66006 ], [ 84.04397, 28.66007 ], [ 84.04401, 28.65996 ], [ 84.04419, 28.65984 ], [ 84.04438, 28.65964 ], [ 84.04441, 28.65959 ], [ 84.04442, 28.65945 ], [ 84.04445, 28.65941 ], [ 84.0447, 28.65924 ], [ 84.04476, 28.65916 ], [ 84.04498, 28.65896 ], [ 84.04532, 28.6588 ], [ 84.04546, 28.65871 ], [ 84.04561, 28.65869 ], [ 84.04569, 28.65857 ], [ 84.04608, 28.65833 ], [ 84.04631, 28.65814 ], [ 84.04698, 28.65777 ], [ 84.04715, 28.65764 ], [ 84.0472, 28.65757 ], [ 84.04747, 28.65734 ], [ 84.04765, 28.65722 ], [ 84.04799, 28.65709 ], [ 84.04873, 28.65666 ], [ 84.04887, 28.65661 ], [ 84.04892, 28.65655 ], [ 84.04957, 28.65639 ], [ 84.04986, 28.65635 ], [ 84.05019, 28.65635 ], [ 84.0505, 28.65632 ], [ 84.05091, 28.6562 ], [ 84.05127, 28.65605 ], [ 84.05195, 28.65601 ], [ 84.05197, 28.65603 ], [ 84.05195, 28.65606 ], [ 84.05168, 28.65625 ], [ 84.05158, 28.65635 ], [ 84.05157, 28.65638 ], [ 84.05165, 28.65636 ], [ 84.0515, 28.65649 ], [ 84.05176, 28.65646 ], [ 84.05162, 28.65658 ], [ 84.05154, 28.6567 ], [ 84.05124, 28.65693 ], [ 84.05111, 28.6571 ], [ 84.05106, 28.65723 ], [ 84.05085, 28.65745 ], [ 84.05122, 28.65745 ], [ 84.05161, 28.65728 ], [ 84.05173, 28.65727 ], [ 84.05157, 28.65752 ], [ 84.05158, 28.65757 ], [ 84.05182, 28.6575 ], [ 84.05188, 28.65747 ], [ 84.0519, 28.65749 ], [ 84.0518, 28.65771 ], [ 84.05177, 28.65797 ], [ 84.05169, 28.65811 ], [ 84.05177, 28.65809 ], [ 84.05178, 28.65811 ], [ 84.05169, 28.65822 ], [ 84.05174, 28.65824 ], [ 84.05186, 28.6584 ], [ 84.05195, 28.65845 ], [ 84.05204, 28.65865 ], [ 84.05201, 28.65871 ], [ 84.05203, 28.65885 ], [ 84.0521, 28.65879 ], [ 84.05198, 28.65887 ], [ 84.05189, 28.659 ], [ 84.05158, 28.65919 ], [ 84.05153, 28.65905 ], [ 84.05163, 28.65895 ], [ 84.05155, 28.65916 ], [ 84.0515, 28.65918 ], [ 84.05144, 28.65934 ], [ 84.05135, 28.65947 ], [ 84.05122, 28.65953 ], [ 84.05092, 28.6596 ], [ 84.0509, 28.65959 ], [ 84.05081, 28.65972 ], [ 84.0508, 28.65981 ], [ 84.05071, 28.65992 ], [ 84.05072, 28.66008 ], [ 84.05064, 28.66011 ], [ 84.05063, 28.66018 ], [ 84.05055, 28.66022 ], [ 84.05062, 28.66025 ], [ 84.0506, 28.66027 ], [ 84.05064, 28.66031 ], [ 84.0505, 28.66044 ], [ 84.05071, 28.66054 ], [ 84.05061, 28.66061 ], [ 84.05068, 28.66064 ], [ 84.05067, 28.6607 ], [ 84.05064, 28.66073 ], [ 84.05057, 28.66074 ], [ 84.0506, 28.66081 ], [ 84.0505, 28.66085 ], [ 84.05055, 28.66091 ], [ 84.05073, 28.66099 ], [ 84.05074, 28.66103 ], [ 84.0508, 28.66102 ], [ 84.05088, 28.66109 ], [ 84.05081, 28.66115 ], [ 84.05075, 28.66114 ], [ 84.05068, 28.66118 ], [ 84.05093, 28.66133 ], [ 84.05095, 28.66136 ], [ 84.051, 28.66137 ], [ 84.05105, 28.66144 ], [ 84.05116, 28.66146 ], [ 84.05122, 28.66143 ], [ 84.05127, 28.66144 ], [ 84.05112, 28.66165 ], [ 84.05103, 28.66169 ], [ 84.05097, 28.66168 ], [ 84.05085, 28.66176 ], [ 84.05079, 28.6617 ], [ 84.05069, 28.66174 ], [ 84.05061, 28.66165 ], [ 84.05064, 28.66165 ], [ 84.05062, 28.66163 ], [ 84.0506, 28.66165 ], [ 84.05059, 28.66163 ], [ 84.05055, 28.66168 ], [ 84.05038, 28.66158 ], [ 84.05036, 28.66165 ], [ 84.05024, 28.66164 ], [ 84.05009, 28.66171 ], [ 84.05007, 28.6618 ], [ 84.05019, 28.66181 ], [ 84.05021, 28.66184 ], [ 84.05014, 28.66188 ], [ 84.05015, 28.66194 ], [ 84.05006, 28.66195 ], [ 84.05005, 28.66199 ], [ 84.05, 28.66203 ], [ 84.05001, 28.66206 ], [ 84.05005, 28.66207 ], [ 84.05003, 28.66214 ], [ 84.05012, 28.66214 ], [ 84.05017, 28.6622 ], [ 84.05021, 28.66233 ], [ 84.05019, 28.66241 ], [ 84.05022, 28.66243 ], [ 84.05015, 28.66248 ], [ 84.05018, 28.66258 ], [ 84.05006, 28.66262 ], [ 84.05013, 28.66282 ], [ 84.05013, 28.66297 ], [ 84.05015, 28.66301 ], [ 84.05012, 28.66308 ], [ 84.05016, 28.66317 ], [ 84.05015, 28.66321 ], [ 84.05019, 28.66324 ], [ 84.05018, 28.66338 ], [ 84.05037, 28.66344 ], [ 84.0504, 28.66347 ], [ 84.05048, 28.66346 ], [ 84.05051, 28.66353 ], [ 84.05065, 28.66355 ], [ 84.05057, 28.66366 ], [ 84.05058, 28.66374 ], [ 84.05062, 28.66374 ], [ 84.05062, 28.66371 ], [ 84.05072, 28.66372 ], [ 84.05074, 28.66382 ], [ 84.05069, 28.66391 ], [ 84.05071, 28.66393 ], [ 84.05069, 28.66393 ], [ 84.0508, 28.66393 ], [ 84.05085, 28.6639 ], [ 84.05096, 28.66391 ], [ 84.05096, 28.66394 ], [ 84.05087, 28.66406 ], [ 84.05092, 28.66409 ], [ 84.05093, 28.66415 ], [ 84.05106, 28.66408 ], [ 84.05118, 28.66407 ], [ 84.05114, 28.6642 ], [ 84.05121, 28.66417 ], [ 84.05125, 28.66417 ], [ 84.05124, 28.6642 ], [ 84.05151, 28.66417 ], [ 84.05152, 28.66421 ], [ 84.05172, 28.6642 ], [ 84.05171, 28.66426 ], [ 84.05175, 28.66427 ], [ 84.0518, 28.66424 ], [ 84.05203, 28.66428 ], [ 84.05192, 28.6645 ], [ 84.05184, 28.66457 ], [ 84.05183, 28.66493 ], [ 84.0517, 28.66536 ], [ 84.0517, 28.66562 ], [ 84.05176, 28.66575 ], [ 84.05168, 28.66599 ], [ 84.05154, 28.66611 ], [ 84.05154, 28.66613 ], [ 84.05158, 28.66613 ], [ 84.05159, 28.66623 ], [ 84.05175, 28.66629 ], [ 84.05177, 28.66632 ], [ 84.05194, 28.66633 ], [ 84.05204, 28.66631 ], [ 84.05228, 28.66614 ], [ 84.05248, 28.66608 ], [ 84.05266, 28.66616 ], [ 84.05273, 28.66627 ], [ 84.05277, 28.66626 ], [ 84.05282, 28.66646 ], [ 84.053, 28.66644 ], [ 84.05305, 28.66651 ], [ 84.05313, 28.66652 ], [ 84.05327, 28.6666 ], [ 84.05332, 28.66659 ], [ 84.05334, 28.66667 ], [ 84.05342, 28.66676 ], [ 84.0535, 28.66674 ], [ 84.0536, 28.6668 ], [ 84.05367, 28.66679 ], [ 84.05367, 28.66686 ], [ 84.05377, 28.66686 ], [ 84.0539, 28.6669 ], [ 84.05392, 28.66695 ], [ 84.05417, 28.66703 ], [ 84.05423, 28.66712 ], [ 84.05451, 28.66728 ], [ 84.05467, 28.66731 ], [ 84.055, 28.66748 ], [ 84.05508, 28.66756 ], [ 84.05548, 28.6678 ], [ 84.0555, 28.66785 ], [ 84.05561, 28.66787 ], [ 84.05586, 28.66803 ], [ 84.05591, 28.66811 ], [ 84.05595, 28.66829 ], [ 84.05599, 28.66837 ], [ 84.05604, 28.66839 ], [ 84.05605, 28.66844 ], [ 84.0561, 28.66848 ], [ 84.05617, 28.66869 ], [ 84.05627, 28.66877 ], [ 84.0563, 28.66886 ], [ 84.05634, 28.66884 ], [ 84.05633, 28.66886 ], [ 84.05639, 28.6689 ], [ 84.05639, 28.66894 ], [ 84.05643, 28.66894 ], [ 84.05644, 28.66903 ], [ 84.05647, 28.66899 ], [ 84.05658, 28.66913 ], [ 84.05664, 28.66918 ], [ 84.05669, 28.66917 ], [ 84.0568, 28.66932 ], [ 84.0571, 28.66939 ], [ 84.05722, 28.66947 ], [ 84.05722, 28.66953 ], [ 84.05712, 28.66959 ], [ 84.05664, 28.66972 ], [ 84.05666, 28.66971 ], [ 84.05662, 28.66973 ], [ 84.05635, 28.66979 ], [ 84.05612, 28.6698 ], [ 84.05603, 28.66986 ], [ 84.05591, 28.6699 ], [ 84.05564, 28.66994 ], [ 84.05532, 28.67003 ], [ 84.0548, 28.67014 ], [ 84.05483, 28.67011 ], [ 84.05473, 28.67017 ], [ 84.05475, 28.67016 ], [ 84.05453, 28.67022 ], [ 84.05438, 28.67033 ], [ 84.05436, 28.67042 ], [ 84.05447, 28.67085 ], [ 84.05449, 28.67149 ], [ 84.05433, 28.67184 ], [ 84.05442, 28.67183 ], [ 84.05439, 28.67185 ], [ 84.05496, 28.67168 ], [ 84.05498, 28.67172 ], [ 84.05491, 28.67192 ], [ 84.05466, 28.67224 ], [ 84.05468, 28.67227 ], [ 84.0548, 28.6723 ], [ 84.05479, 28.67235 ], [ 84.05465, 28.67245 ], [ 84.05446, 28.67274 ], [ 84.05439, 28.6728 ], [ 84.05428, 28.67307 ], [ 84.05401, 28.67339 ], [ 84.05398, 28.67351 ], [ 84.05389, 28.67364 ], [ 84.05388, 28.67397 ], [ 84.05391, 28.67412 ], [ 84.05405, 28.67434 ], [ 84.05403, 28.67453 ], [ 84.05406, 28.67473 ], [ 84.05412, 28.67485 ], [ 84.05436, 28.67501 ], [ 84.05436, 28.67517 ], [ 84.0544, 28.67526 ], [ 84.05465, 28.67549 ], [ 84.05481, 28.67556 ], [ 84.05491, 28.67564 ], [ 84.05499, 28.67588 ], [ 84.05512, 28.67603 ], [ 84.0551, 28.67602 ], [ 84.05507, 28.67615 ], [ 84.05503, 28.67615 ], [ 84.05503, 28.67626 ], [ 84.05507, 28.67633 ], [ 84.05521, 28.67652 ], [ 84.05557, 28.67684 ], [ 84.0557, 28.67689 ], [ 84.05584, 28.6769 ], [ 84.05618, 28.67714 ], [ 84.05647, 28.67731 ], [ 84.05662, 28.67735 ], [ 84.0569, 28.67757 ], [ 84.057, 28.67767 ], [ 84.05736, 28.67792 ], [ 84.0574, 28.67797 ], [ 84.05764, 28.67811 ], [ 84.05778, 28.67815 ], [ 84.05789, 28.67825 ], [ 84.05825, 28.67845 ], [ 84.05857, 28.67842 ], [ 84.05871, 28.67843 ], [ 84.05886, 28.67847 ], [ 84.05888, 28.67865 ], [ 84.05903, 28.6788 ], [ 84.05906, 28.67878 ], [ 84.05946, 28.6788 ], [ 84.05964, 28.67889 ], [ 84.0598, 28.6789 ], [ 84.05997, 28.67886 ], [ 84.06016, 28.67888 ], [ 84.0602, 28.67883 ], [ 84.06009, 28.67888 ], [ 84.05976, 28.67874 ], [ 84.05949, 28.67873 ], [ 84.05907, 28.67857 ], [ 84.05893, 28.67859 ], [ 84.05877, 28.67844 ], [ 84.0586, 28.67841 ], [ 84.05841, 28.6783 ], [ 84.0583, 28.67818 ], [ 84.05803, 28.67817 ], [ 84.05796, 28.67813 ], [ 84.05791, 28.67814 ], [ 84.05783, 28.6781 ], [ 84.05748, 28.67801 ], [ 84.0571, 28.67766 ], [ 84.05695, 28.67759 ], [ 84.05677, 28.67744 ], [ 84.0561, 28.6771 ], [ 84.05585, 28.67689 ], [ 84.05571, 28.67689 ], [ 84.05555, 28.67683 ], [ 84.05524, 28.67655 ], [ 84.05507, 28.67631 ], [ 84.05506, 28.67621 ], [ 84.05521, 28.67615 ], [ 84.05512, 28.67616 ], [ 84.05509, 28.67609 ], [ 84.05511, 28.676 ], [ 84.05499, 28.6759 ], [ 84.05491, 28.67566 ], [ 84.0548, 28.67557 ], [ 84.05466, 28.67551 ], [ 84.05452, 28.67535 ], [ 84.05441, 28.67527 ], [ 84.05437, 28.67518 ], [ 84.05439, 28.67505 ], [ 84.05435, 28.67499 ], [ 84.05415, 28.67488 ], [ 84.0541, 28.67479 ], [ 84.05405, 28.67456 ], [ 84.05407, 28.67435 ], [ 84.05393, 28.67412 ], [ 84.0539, 28.67381 ], [ 84.05391, 28.67367 ], [ 84.05403, 28.67342 ], [ 84.05427, 28.67312 ], [ 84.05441, 28.67287 ], [ 84.05465, 28.67251 ], [ 84.05482, 28.67235 ], [ 84.05471, 28.67231 ], [ 84.05466, 28.67226 ], [ 84.05493, 28.6719 ], [ 84.05498, 28.67173 ], [ 84.05497, 28.67171 ], [ 84.05455, 28.67183 ], [ 84.05435, 28.67188 ], [ 84.05434, 28.67187 ], [ 84.05449, 28.67156 ], [ 84.0545, 28.67147 ], [ 84.05447, 28.67078 ], [ 84.05437, 28.67047 ], [ 84.05438, 28.6704 ], [ 84.05449, 28.67029 ], [ 84.05474, 28.6702 ], [ 84.05596, 28.66992 ], [ 84.05607, 28.66988 ], [ 84.05611, 28.66984 ], [ 84.05635, 28.66982 ], [ 84.05665, 28.66976 ], [ 84.05717, 28.66959 ], [ 84.05721, 28.66953 ], [ 84.05712, 28.66945 ], [ 84.0568, 28.66937 ], [ 84.05667, 28.6692 ], [ 84.05663, 28.66921 ], [ 84.05657, 28.66916 ], [ 84.05647, 28.66902 ], [ 84.05648, 28.66904 ], [ 84.05646, 28.66903 ], [ 84.05643, 28.66905 ], [ 84.05642, 28.66898 ], [ 84.05638, 28.66898 ], [ 84.05638, 28.66895 ], [ 84.05632, 28.66888 ], [ 84.05629, 28.6689 ], [ 84.05625, 28.66882 ], [ 84.05615, 28.66871 ], [ 84.05602, 28.66842 ], [ 84.05595, 28.66839 ], [ 84.05582, 28.66801 ], [ 84.05566, 28.66796 ], [ 84.05554, 28.66787 ], [ 84.05526, 28.66775 ], [ 84.05518, 28.66761 ], [ 84.05509, 28.66756 ], [ 84.05503, 28.6676 ], [ 84.05484, 28.66759 ], [ 84.05475, 28.66753 ], [ 84.05448, 28.66727 ], [ 84.05435, 28.66724 ], [ 84.0542, 28.66708 ], [ 84.05398, 28.66703 ], [ 84.05386, 28.66695 ], [ 84.05366, 28.66689 ], [ 84.05366, 28.66683 ], [ 84.05361, 28.66684 ], [ 84.05355, 28.6668 ], [ 84.05348, 28.66679 ], [ 84.05341, 28.66682 ], [ 84.05332, 28.66671 ], [ 84.05331, 28.66662 ], [ 84.05316, 28.66659 ], [ 84.05311, 28.66654 ], [ 84.05302, 28.66654 ], [ 84.05299, 28.66647 ], [ 84.0528, 28.6665 ], [ 84.0528, 28.66643 ], [ 84.05276, 28.6664 ], [ 84.05275, 28.66629 ], [ 84.0527, 28.6663 ], [ 84.05267, 28.66622 ], [ 84.0526, 28.66616 ], [ 84.05248, 28.66613 ], [ 84.05241, 28.66614 ], [ 84.05232, 28.66612 ], [ 84.05223, 28.66612 ], [ 84.05203, 28.66618 ], [ 84.05194, 28.66616 ], [ 84.05192, 28.66625 ], [ 84.05188, 28.66627 ], [ 84.0516, 28.66627 ], [ 84.05156, 28.66625 ], [ 84.05154, 28.66617 ], [ 84.05151, 28.66615 ], [ 84.05165, 28.66602 ], [ 84.05171, 28.66584 ], [ 84.05169, 28.6655 ], [ 84.05165, 28.66544 ], [ 84.0518, 28.66497 ], [ 84.0518, 28.66461 ], [ 84.05194, 28.66444 ], [ 84.05197, 28.66433 ], [ 84.05181, 28.66431 ], [ 84.0517, 28.66432 ], [ 84.05166, 28.6643 ], [ 84.05168, 28.66425 ], [ 84.05149, 28.66426 ], [ 84.05149, 28.66423 ], [ 84.05139, 28.66426 ], [ 84.05137, 28.66422 ], [ 84.05126, 28.66426 ], [ 84.05111, 28.66424 ], [ 84.05112, 28.66416 ], [ 84.05117, 28.66413 ], [ 84.05114, 28.66412 ], [ 84.05102, 28.66413 ], [ 84.0509, 28.6642 ], [ 84.05083, 28.66409 ], [ 84.05093, 28.66396 ], [ 84.05079, 28.66396 ], [ 84.05075, 28.66399 ], [ 84.05064, 28.66397 ], [ 84.0507, 28.66386 ], [ 84.05067, 28.66376 ], [ 84.05059, 28.66377 ], [ 84.05057, 28.6638 ], [ 84.05052, 28.66377 ], [ 84.05053, 28.6637 ], [ 84.05059, 28.66365 ], [ 84.05061, 28.66359 ], [ 84.05048, 28.6636 ], [ 84.05045, 28.66355 ], [ 84.05014, 28.66343 ], [ 84.0501, 28.66324 ], [ 84.05012, 28.66318 ], [ 84.05008, 28.66315 ], [ 84.05012, 28.66306 ], [ 84.05009, 28.66299 ], [ 84.05009, 28.66285 ], [ 84.05002, 28.66265 ], [ 84.05014, 28.66262 ], [ 84.05012, 28.66253 ], [ 84.05015, 28.66241 ], [ 84.05009, 28.66222 ], [ 84.0501, 28.66219 ], [ 84.04999, 28.66218 ], [ 84.05, 28.66211 ], [ 84.04996, 28.66208 ], [ 84.05006, 28.66196 ], [ 84.05013, 28.66196 ], [ 84.05013, 28.66189 ], [ 84.05002, 28.66184 ], [ 84.05007, 28.66174 ], [ 84.05017, 28.6617 ], [ 84.0502, 28.66167 ], [ 84.05032, 28.66169 ], [ 84.05031, 28.66165 ], [ 84.05033, 28.66162 ], [ 84.05052, 28.66172 ], [ 84.05055, 28.66168 ], [ 84.05068, 28.66176 ], [ 84.05074, 28.66174 ], [ 84.05083, 28.66178 ], [ 84.05084, 28.66175 ], [ 84.05102, 28.66171 ], [ 84.05109, 28.66167 ], [ 84.05122, 28.66149 ], [ 84.05112, 28.66152 ], [ 84.05099, 28.6615 ], [ 84.05097, 28.66142 ], [ 84.05063, 28.66123 ], [ 84.05072, 28.66118 ], [ 84.0508, 28.66116 ], [ 84.05082, 28.66112 ], [ 84.05068, 28.66105 ], [ 84.05067, 28.66101 ], [ 84.05051, 28.66096 ], [ 84.05045, 28.66087 ], [ 84.05056, 28.66084 ], [ 84.05054, 28.66081 ], [ 84.05056, 28.66078 ], [ 84.05062, 28.66078 ], [ 84.05065, 28.66072 ], [ 84.05064, 28.6607 ], [ 84.05058, 28.66068 ], [ 84.05057, 28.66065 ], [ 84.05064, 28.66061 ], [ 84.05066, 28.66057 ], [ 84.05046, 28.6605 ], [ 84.0506, 28.66035 ], [ 84.05053, 28.66024 ], [ 84.05059, 28.66022 ], [ 84.05061, 28.66017 ], [ 84.0507, 28.66011 ], [ 84.05068, 28.65997 ], [ 84.05077, 28.65983 ], [ 84.05079, 28.65975 ], [ 84.05093, 28.65964 ], [ 84.05131, 28.65953 ], [ 84.05149, 28.65928 ], [ 84.05186, 28.65906 ], [ 84.05198, 28.65889 ], [ 84.05198, 28.65879 ], [ 84.05201, 28.65872 ], [ 84.05192, 28.65853 ], [ 84.05181, 28.65846 ], [ 84.05176, 28.65837 ], [ 84.05165, 28.65827 ], [ 84.05175, 28.65817 ], [ 84.05173, 28.65815 ], [ 84.05166, 28.65816 ], [ 84.05174, 28.65801 ], [ 84.05174, 28.65788 ], [ 84.05188, 28.65753 ], [ 84.05154, 28.65764 ], [ 84.05156, 28.65755 ], [ 84.0517, 28.65733 ], [ 84.05156, 28.65736 ], [ 84.05131, 28.6575 ], [ 84.05106, 28.65752 ], [ 84.05083, 28.65752 ], [ 84.05082, 28.6575 ], [ 84.05091, 28.65744 ], [ 84.05101, 28.65732 ], [ 84.05107, 28.65722 ], [ 84.05107, 28.65716 ], [ 84.05121, 28.657 ], [ 84.05174, 28.65651 ], [ 84.05144, 28.65656 ], [ 84.05154, 28.65647 ], [ 84.05162, 28.65643 ], [ 84.05161, 28.65641 ], [ 84.05152, 28.65644 ], [ 84.05162, 28.65631 ], [ 84.0518, 28.65621 ], [ 84.05193, 28.65607 ], [ 84.05172, 28.6561 ], [ 84.0513, 28.65611 ], [ 84.05108, 28.65618 ], [ 84.05092, 28.65626 ], [ 84.05064, 28.65633 ], [ 84.05058, 28.65637 ], [ 84.0495, 28.65647 ], [ 84.0489, 28.65663 ], [ 84.04882, 28.6567 ], [ 84.04819, 28.65702 ], [ 84.04811, 28.65708 ], [ 84.04768, 28.65726 ], [ 84.04735, 28.6575 ], [ 84.04711, 28.65773 ], [ 84.04697, 28.65784 ], [ 84.04628, 28.65823 ], [ 84.04613, 28.65836 ], [ 84.04581, 28.65855 ], [ 84.04569, 28.65864 ], [ 84.0456, 28.65876 ], [ 84.04542, 28.65878 ], [ 84.04492, 28.65905 ], [ 84.04474, 28.65924 ], [ 84.04442, 28.6595 ], [ 84.04439, 28.65969 ], [ 84.04416, 28.65993 ], [ 84.04403, 28.66001 ], [ 84.04395, 28.66013 ], [ 84.04397, 28.6601 ], [ 84.0439, 28.66013 ], [ 84.04379, 28.66003 ], [ 84.04379, 28.65992 ], [ 84.04373, 28.65977 ], [ 84.04364, 28.6597 ], [ 84.04357, 28.65971 ], [ 84.04348, 28.6598 ], [ 84.04324, 28.65991 ], [ 84.04299, 28.65994 ], [ 84.04287, 28.65986 ], [ 84.04264, 28.65991 ], [ 84.04273, 28.65985 ], [ 84.04268, 28.65972 ], [ 84.04281, 28.65962 ], [ 84.04278, 28.6595 ], [ 84.04304, 28.65932 ], [ 84.04307, 28.65922 ], [ 84.04305, 28.65917 ], [ 84.04259, 28.6593 ], [ 84.04227, 28.65922 ], [ 84.04223, 28.6592 ], [ 84.04226, 28.65906 ], [ 84.04216, 28.65858 ], [ 84.04188, 28.65836 ], [ 84.04179, 28.65824 ], [ 84.04172, 28.65821 ], [ 84.04163, 28.65813 ], [ 84.04158, 28.65812 ], [ 84.0414, 28.65829 ], [ 84.04123, 28.65833 ], [ 84.04115, 28.65832 ], [ 84.04086, 28.65811 ], [ 84.04076, 28.65802 ], [ 84.04067, 28.65784 ], [ 84.04049, 28.65761 ], [ 84.04041, 28.65744 ], [ 84.04037, 28.65703 ], [ 84.04025, 28.65691 ], [ 84.04015, 28.65701 ], [ 84.03956, 28.65728 ], [ 84.03952, 28.65727 ], [ 84.03926, 28.6575 ], [ 84.03867, 28.65789 ], [ 84.03827, 28.65809 ], [ 84.03789, 28.65832 ], [ 84.03637, 28.65895 ], [ 84.03591, 28.65909 ], [ 84.03558, 28.65914 ], [ 84.03502, 28.65915 ], [ 84.03465, 28.65911 ], [ 84.03406, 28.65917 ], [ 84.03377, 28.65924 ], [ 84.03306, 28.65952 ], [ 84.03251, 28.65965 ], [ 84.03232, 28.65975 ], [ 84.03216, 28.65991 ], [ 84.03141, 28.66049 ], [ 84.03113, 28.66082 ], [ 84.02967, 28.66203 ], [ 84.02915, 28.6625 ], [ 84.02829, 28.66297 ], [ 84.02799, 28.66319 ], [ 84.02797, 28.66318 ], [ 84.02789, 28.66322 ], [ 84.02735, 28.66336 ], [ 84.02702, 28.66355 ], [ 84.02689, 28.66366 ], [ 84.02673, 28.66373 ], [ 84.02664, 28.66374 ], [ 84.0264, 28.66369 ], [ 84.02621, 28.66387 ], [ 84.02613, 28.66407 ], [ 84.02607, 28.66409 ], [ 84.02592, 28.66406 ], [ 84.02589, 28.66407 ], [ 84.02583, 28.66405 ], [ 84.02578, 28.66406 ], [ 84.02549, 28.66423 ], [ 84.02535, 28.66442 ], [ 84.02474, 28.66479 ], [ 84.02472, 28.66484 ], [ 84.02411, 28.66526 ], [ 84.0239, 28.66534 ], [ 84.0233, 28.66571 ], [ 84.02311, 28.66589 ], [ 84.02308, 28.66596 ], [ 84.02311, 28.66599 ], [ 84.02301, 28.66596 ], [ 84.02292, 28.66608 ], [ 84.02294, 28.66622 ], [ 84.02292, 28.66628 ], [ 84.02267, 28.66657 ], [ 84.0226, 28.66674 ], [ 84.02234, 28.66685 ], [ 84.02211, 28.66699 ], [ 84.02192, 28.66703 ], [ 84.02185, 28.66696 ], [ 84.02172, 28.66694 ], [ 84.02135, 28.66713 ], [ 84.02089, 28.66731 ], [ 84.02042, 28.66758 ], [ 84.02016, 28.66798 ], [ 84.01985, 28.66829 ], [ 84.01974, 28.66843 ], [ 84.0193, 28.66873 ], [ 84.01928, 28.66872 ], [ 84.01931, 28.6687 ], [ 84.01929, 28.66864 ], [ 84.01913, 28.66858 ], [ 84.01903, 28.66861 ], [ 84.01845, 28.66864 ], [ 84.01838, 28.66856 ], [ 84.01822, 28.66862 ], [ 84.01801, 28.66862 ], [ 84.01784, 28.66847 ], [ 84.01781, 28.66841 ], [ 84.0178, 28.66807 ], [ 84.01775, 28.66795 ], [ 84.01769, 28.66789 ], [ 84.01755, 28.66786 ], [ 84.0173, 28.66787 ], [ 84.01671, 28.66793 ], [ 84.01591, 28.66807 ], [ 84.01525, 28.66828 ], [ 84.01503, 28.66831 ], [ 84.01463, 28.66832 ], [ 84.0144, 28.66836 ], [ 84.01419, 28.66843 ], [ 84.01381, 28.66862 ], [ 84.01375, 28.66862 ], [ 84.01379, 28.6686 ], [ 84.01377, 28.66858 ], [ 84.01359, 28.66884 ], [ 84.01338, 28.66905 ], [ 84.01319, 28.66934 ], [ 84.01297, 28.66956 ], [ 84.01281, 28.66967 ], [ 84.01265, 28.66973 ], [ 84.01209, 28.66981 ], [ 84.01177, 28.67 ], [ 84.01136, 28.6705 ], [ 84.0112, 28.67058 ], [ 84.01099, 28.67057 ], [ 84.0107, 28.67044 ], [ 84.01044, 28.67037 ], [ 84.00973, 28.6705 ], [ 84.0094, 28.67066 ], [ 84.0093, 28.67068 ], [ 84.00894, 28.67065 ], [ 84.00881, 28.67068 ], [ 84.00857, 28.67077 ], [ 84.00829, 28.67081 ], [ 84.00794, 28.67082 ], [ 84.00731, 28.67098 ], [ 84.00694, 28.67093 ], [ 84.00664, 28.67099 ], [ 84.00652, 28.67097 ], [ 84.00608, 28.67082 ], [ 84.00539, 28.67082 ], [ 84.00515, 28.67085 ], [ 84.00497, 28.6709 ], [ 84.00453, 28.67112 ], [ 84.0042, 28.67115 ], [ 84.00388, 28.67112 ], [ 84.00373, 28.67107 ], [ 84.00365, 28.67106 ], [ 84.00345, 28.67111 ], [ 84.00338, 28.67115 ], [ 84.0032, 28.67116 ], [ 84.00306, 28.67122 ], [ 84.00285, 28.67137 ], [ 84.00266, 28.67139 ], [ 84.00257, 28.67135 ], [ 84.00233, 28.67145 ], [ 84.00224, 28.67145 ], [ 84.002, 28.67133 ], [ 84.00193, 28.67133 ], [ 84.00196, 28.67131 ], [ 84.00172, 28.67068 ], [ 84.00166, 28.67072 ], [ 84.00156, 28.67067 ], [ 84.00145, 28.67068 ], [ 84.00139, 28.67065 ], [ 84.0013, 28.67066 ], [ 84.00132, 28.67064 ], [ 84.00117, 28.67056 ], [ 84.00095, 28.67054 ], [ 84.00089, 28.67058 ], [ 84.0008, 28.67054 ], [ 84.00072, 28.67058 ], [ 84.00046, 28.67059 ], [ 84.00025, 28.67065 ], [ 84.00015, 28.67072 ], [ 83.99991, 28.67076 ], [ 83.99984, 28.6708 ], [ 83.99972, 28.67083 ], [ 83.99925, 28.67069 ], [ 83.99916, 28.67064 ], [ 83.99909, 28.67066 ], [ 83.99896, 28.6708 ], [ 83.99877, 28.67085 ], [ 83.99868, 28.67083 ], [ 83.99858, 28.67084 ], [ 83.99857, 28.67082 ], [ 83.99853, 28.67086 ], [ 83.99805, 28.6709 ], [ 83.99788, 28.67086 ], [ 83.9978, 28.67089 ], [ 83.99746, 28.67088 ], [ 83.99715, 28.67107 ], [ 83.99692, 28.67114 ], [ 83.99639, 28.67153 ], [ 83.99628, 28.67158 ], [ 83.99583, 28.67172 ], [ 83.99557, 28.67185 ], [ 83.99511, 28.67181 ], [ 83.99495, 28.67187 ], [ 83.99478, 28.67204 ], [ 83.99459, 28.67214 ], [ 83.99428, 28.67224 ], [ 83.99403, 28.67228 ], [ 83.99343, 28.67221 ], [ 83.9936, 28.67223 ], [ 83.99357, 28.67215 ], [ 83.99343, 28.67212 ], [ 83.99347, 28.67209 ], [ 83.99326, 28.67218 ], [ 83.99275, 28.67216 ], [ 83.99243, 28.67207 ], [ 83.992, 28.67189 ], [ 83.99183, 28.67176 ], [ 83.99159, 28.67169 ], [ 83.99091, 28.67168 ], [ 83.99059, 28.67164 ], [ 83.9904, 28.67157 ], [ 83.99021, 28.6714 ], [ 83.99004, 28.67135 ], [ 83.98977, 28.67136 ], [ 83.98921, 28.67118 ], [ 83.98885, 28.67104 ], [ 83.98845, 28.67097 ], [ 83.98784, 28.67095 ], [ 83.98718, 28.67081 ], [ 83.98696, 28.67069 ], [ 83.98634, 28.67024 ], [ 83.98625, 28.67021 ], [ 83.98592, 28.67021 ], [ 83.9855, 28.67016 ], [ 83.98522, 28.67019 ], [ 83.98498, 28.67029 ], [ 83.98474, 28.67028 ], [ 83.98451, 28.67021 ], [ 83.98397, 28.66988 ], [ 83.98386, 28.66985 ], [ 83.98367, 28.66981 ], [ 83.98326, 28.66982 ], [ 83.9829, 28.66977 ], [ 83.98217, 28.66955 ], [ 83.98171, 28.66936 ], [ 83.98161, 28.66935 ], [ 83.98135, 28.66936 ], [ 83.981, 28.66942 ], [ 83.98066, 28.66943 ], [ 83.98026, 28.66969 ], [ 83.97998, 28.66977 ], [ 83.97975, 28.66979 ], [ 83.9789, 28.66979 ], [ 83.97879, 28.66976 ], [ 83.97857, 28.66977 ], [ 83.97785, 28.6697 ], [ 83.97737, 28.66971 ], [ 83.97727, 28.66965 ], [ 83.97718, 28.66954 ], [ 83.97687, 28.66952 ], [ 83.97673, 28.66946 ], [ 83.9765, 28.66925 ], [ 83.97637, 28.6692 ], [ 83.97614, 28.66893 ], [ 83.97574, 28.66879 ], [ 83.97539, 28.66875 ], [ 83.97529, 28.66876 ], [ 83.97485, 28.66906 ], [ 83.97456, 28.6691 ], [ 83.97446, 28.66917 ], [ 83.97426, 28.66919 ], [ 83.97424, 28.66921 ], [ 83.97391, 28.66922 ], [ 83.97388, 28.6694 ], [ 83.9739, 28.66946 ], [ 83.97383, 28.66955 ], [ 83.97391, 28.66968 ], [ 83.97391, 28.66972 ], [ 83.97361, 28.66996 ], [ 83.97351, 28.6701 ], [ 83.97331, 28.6701 ], [ 83.97288, 28.67016 ], [ 83.97271, 28.67008 ], [ 83.97259, 28.6703 ], [ 83.97251, 28.67035 ], [ 83.97237, 28.67037 ], [ 83.97238, 28.67035 ], [ 83.97216, 28.67038 ], [ 83.97173, 28.67034 ], [ 83.97163, 28.67035 ], [ 83.97144, 28.67031 ], [ 83.97134, 28.67034 ], [ 83.9713, 28.6704 ], [ 83.97128, 28.67064 ], [ 83.97118, 28.6711 ], [ 83.97109, 28.67127 ], [ 83.97095, 28.67137 ], [ 83.97077, 28.67145 ], [ 83.97068, 28.67145 ], [ 83.97034, 28.67164 ], [ 83.97025, 28.67164 ], [ 83.97006, 28.67171 ], [ 83.96974, 28.6718 ], [ 83.96955, 28.6719 ], [ 83.96933, 28.67209 ], [ 83.96909, 28.67217 ], [ 83.96901, 28.67224 ], [ 83.96874, 28.67239 ], [ 83.9685, 28.67239 ], [ 83.96838, 28.67246 ], [ 83.96831, 28.67253 ], [ 83.96819, 28.67279 ], [ 83.96805, 28.67291 ], [ 83.96786, 28.67295 ], [ 83.96771, 28.67294 ], [ 83.96745, 28.67302 ], [ 83.96714, 28.6733 ], [ 83.96711, 28.67338 ], [ 83.9672, 28.67383 ], [ 83.96718, 28.6739 ], [ 83.96713, 28.67394 ], [ 83.96701, 28.67397 ], [ 83.96668, 28.67391 ], [ 83.9665, 28.67394 ], [ 83.96608, 28.67407 ], [ 83.96574, 28.67429 ], [ 83.96569, 28.67453 ], [ 83.96566, 28.67455 ], [ 83.96556, 28.67454 ], [ 83.96541, 28.67442 ], [ 83.96528, 28.67438 ], [ 83.96495, 28.67446 ], [ 83.96476, 28.67454 ], [ 83.96459, 28.67453 ], [ 83.96432, 28.67445 ], [ 83.96391, 28.67444 ], [ 83.96322, 28.67451 ], [ 83.9632, 28.67449 ], [ 83.96297, 28.67456 ], [ 83.96239, 28.67468 ], [ 83.96219, 28.67477 ], [ 83.96207, 28.67498 ], [ 83.96199, 28.67501 ], [ 83.9618, 28.67495 ], [ 83.96152, 28.67511 ], [ 83.9614, 28.67524 ], [ 83.96129, 28.67543 ], [ 83.96088, 28.67568 ], [ 83.9608, 28.67564 ], [ 83.9607, 28.67554 ], [ 83.96059, 28.67552 ], [ 83.96005, 28.67565 ], [ 83.95936, 28.6757 ], [ 83.9588, 28.676 ], [ 83.95871, 28.67607 ], [ 83.95863, 28.67624 ], [ 83.95858, 28.67626 ], [ 83.95846, 28.6762 ], [ 83.95825, 28.67625 ], [ 83.95808, 28.67638 ], [ 83.95793, 28.67657 ], [ 83.95784, 28.67682 ], [ 83.95782, 28.6771 ], [ 83.95785, 28.67715 ], [ 83.95781, 28.67721 ], [ 83.95777, 28.6772 ], [ 83.95778, 28.67726 ], [ 83.95774, 28.67731 ], [ 83.95751, 28.67742 ], [ 83.95701, 28.67754 ], [ 83.95687, 28.67755 ], [ 83.95712, 28.67753 ], [ 83.957, 28.6776 ], [ 83.95692, 28.67768 ], [ 83.95695, 28.67767 ], [ 83.95694, 28.67766 ], [ 83.95683, 28.67769 ], [ 83.95658, 28.67785 ], [ 83.95652, 28.67786 ], [ 83.95653, 28.67784 ], [ 83.95656, 28.67785 ], [ 83.95651, 28.67793 ], [ 83.95637, 28.678 ], [ 83.95637, 28.67809 ], [ 83.95645, 28.67812 ], [ 83.95647, 28.67822 ], [ 83.95651, 28.67825 ], [ 83.95648, 28.67832 ], [ 83.95651, 28.67833 ], [ 83.95651, 28.67842 ], [ 83.95646, 28.67848 ], [ 83.95653, 28.67853 ], [ 83.95659, 28.6785 ], [ 83.95661, 28.67853 ], [ 83.95658, 28.67858 ], [ 83.95659, 28.67869 ], [ 83.95653, 28.67874 ], [ 83.95655, 28.67884 ], [ 83.95632, 28.6791 ], [ 83.95633, 28.67927 ], [ 83.95631, 28.6794 ], [ 83.95612, 28.67952 ], [ 83.95605, 28.67961 ], [ 83.95601, 28.67961 ], [ 83.95563, 28.67992 ], [ 83.95559, 28.67999 ], [ 83.95549, 28.68007 ], [ 83.95539, 28.68021 ], [ 83.95535, 28.68029 ], [ 83.95522, 28.68036 ], [ 83.95522, 28.68043 ], [ 83.95512, 28.68055 ], [ 83.95499, 28.68065 ], [ 83.95483, 28.68072 ], [ 83.95451, 28.68096 ], [ 83.95446, 28.68097 ], [ 83.95438, 28.68092 ], [ 83.95437, 28.68086 ], [ 83.95445, 28.68083 ], [ 83.95445, 28.6808 ], [ 83.95432, 28.68072 ], [ 83.9542, 28.68055 ], [ 83.95377, 28.68037 ], [ 83.9538, 28.68041 ], [ 83.95376, 28.68035 ], [ 83.95365, 28.68028 ], [ 83.95355, 28.68029 ], [ 83.95346, 28.68044 ], [ 83.95346, 28.6804 ], [ 83.95336, 28.68045 ], [ 83.95326, 28.68037 ], [ 83.95309, 28.68032 ], [ 83.95308, 28.68021 ], [ 83.95296, 28.68026 ], [ 83.95252, 28.68025 ], [ 83.95238, 28.68022 ], [ 83.95219, 28.6801 ], [ 83.95208, 28.68008 ], [ 83.95178, 28.68017 ], [ 83.95142, 28.68021 ], [ 83.95119, 28.6803 ], [ 83.95056, 28.68033 ], [ 83.95049, 28.68036 ], [ 83.95042, 28.68034 ], [ 83.95032, 28.68037 ], [ 83.94987, 28.68031 ], [ 83.94931, 28.68013 ], [ 83.94913, 28.68014 ], [ 83.94888, 28.68027 ], [ 83.94873, 28.68031 ], [ 83.94843, 28.68029 ], [ 83.94829, 28.68032 ], [ 83.94814, 28.6804 ], [ 83.94797, 28.68042 ], [ 83.94771, 28.6805 ], [ 83.9476, 28.68049 ], [ 83.94746, 28.68051 ], [ 83.94733, 28.68045 ], [ 83.9473, 28.68047 ], [ 83.94716, 28.68048 ], [ 83.94695, 28.68045 ], [ 83.94675, 28.68039 ], [ 83.94673, 28.68041 ], [ 83.94674, 28.6804 ], [ 83.94676, 28.68044 ], [ 83.94673, 28.68046 ], [ 83.94655, 28.68049 ], [ 83.94654, 28.68053 ], [ 83.94622, 28.68051 ], [ 83.94601, 28.68063 ], [ 83.94593, 28.68065 ], [ 83.94574, 28.68075 ], [ 83.94569, 28.68074 ], [ 83.94566, 28.68064 ], [ 83.94536, 28.68056 ], [ 83.94528, 28.68058 ], [ 83.94521, 28.68065 ], [ 83.94508, 28.68071 ], [ 83.94425, 28.68099 ], [ 83.94397, 28.68115 ], [ 83.94389, 28.68125 ], [ 83.94375, 28.6813 ], [ 83.94354, 28.6813 ], [ 83.94336, 28.68126 ], [ 83.94318, 28.68125 ], [ 83.94305, 28.68135 ], [ 83.94306, 28.68139 ], [ 83.94296, 28.68135 ], [ 83.94281, 28.68137 ], [ 83.94274, 28.68135 ], [ 83.94268, 28.68137 ], [ 83.94232, 28.68134 ], [ 83.94227, 28.68136 ], [ 83.94207, 28.68133 ], [ 83.9421, 28.68134 ], [ 83.94194, 28.68142 ], [ 83.94192, 28.68146 ], [ 83.94169, 28.68153 ], [ 83.94158, 28.68161 ], [ 83.94139, 28.68165 ], [ 83.94131, 28.68173 ], [ 83.94125, 28.68176 ], [ 83.94105, 28.6818 ], [ 83.94091, 28.68187 ], [ 83.94088, 28.68193 ], [ 83.94071, 28.68203 ], [ 83.94049, 28.68211 ], [ 83.94043, 28.6821 ], [ 83.94043, 28.68208 ], [ 83.94042, 28.68213 ], [ 83.94041, 28.68209 ], [ 83.93999, 28.682 ], [ 83.94001, 28.68201 ], [ 83.93998, 28.68184 ], [ 83.93993, 28.68179 ], [ 83.94005, 28.68167 ], [ 83.94005, 28.68162 ], [ 83.94006, 28.68169 ], [ 83.9399, 28.68171 ], [ 83.94, 28.68159 ], [ 83.94, 28.68155 ], [ 83.93997, 28.68159 ], [ 83.93983, 28.68162 ], [ 83.93971, 28.68176 ], [ 83.93952, 28.68188 ], [ 83.93932, 28.68193 ], [ 83.93901, 28.68208 ], [ 83.93856, 28.68219 ], [ 83.93833, 28.68232 ], [ 83.93784, 28.68241 ], [ 83.93768, 28.68246 ], [ 83.93727, 28.68253 ], [ 83.93697, 28.68251 ], [ 83.93678, 28.68252 ], [ 83.93656, 28.68258 ], [ 83.93617, 28.68257 ], [ 83.93591, 28.6826 ], [ 83.9356, 28.68247 ], [ 83.9353, 28.68244 ], [ 83.93492, 28.68262 ], [ 83.93451, 28.68258 ], [ 83.9344, 28.6826 ], [ 83.93418, 28.68265 ], [ 83.93401, 28.68273 ], [ 83.93385, 28.68277 ], [ 83.93357, 28.68298 ], [ 83.9335, 28.68309 ], [ 83.93349, 28.68315 ], [ 83.9334, 28.68316 ], [ 83.93326, 28.68309 ], [ 83.93302, 28.68307 ], [ 83.93277, 28.68295 ], [ 83.93244, 28.68287 ], [ 83.93227, 28.68278 ], [ 83.93198, 28.68252 ], [ 83.93181, 28.68242 ], [ 83.93167, 28.68247 ], [ 83.93161, 28.68252 ], [ 83.9314, 28.68251 ], [ 83.93135, 28.68244 ], [ 83.93134, 28.68232 ], [ 83.9313, 28.68225 ], [ 83.93132, 28.68207 ], [ 83.93123, 28.68184 ], [ 83.9309, 28.68184 ], [ 83.9307, 28.68179 ], [ 83.93052, 28.68172 ], [ 83.93037, 28.68158 ], [ 83.93043, 28.68163 ], [ 83.9304, 28.6816 ], [ 83.93012, 28.68153 ], [ 83.92998, 28.68146 ], [ 83.92962, 28.68156 ], [ 83.92949, 28.6816 ], [ 83.92948, 28.68163 ], [ 83.92929, 28.68167 ], [ 83.92915, 28.68173 ], [ 83.92867, 28.68162 ], [ 83.92846, 28.68164 ], [ 83.9284, 28.68169 ], [ 83.92837, 28.68186 ], [ 83.92825, 28.68199 ], [ 83.92806, 28.68212 ], [ 83.928, 28.6822 ], [ 83.92798, 28.68229 ], [ 83.9278, 28.68243 ], [ 83.92768, 28.68232 ], [ 83.92752, 28.6821 ], [ 83.92752, 28.68198 ], [ 83.92736, 28.68182 ], [ 83.92686, 28.68214 ], [ 83.92655, 28.68222 ], [ 83.92622, 28.6824 ], [ 83.926, 28.68239 ], [ 83.92593, 28.68236 ], [ 83.92572, 28.68206 ], [ 83.9255, 28.68199 ], [ 83.92532, 28.68184 ], [ 83.92524, 28.68173 ], [ 83.92511, 28.68165 ], [ 83.92477, 28.68125 ], [ 83.92454, 28.68115 ], [ 83.92446, 28.68114 ], [ 83.9244, 28.68116 ], [ 83.92427, 28.68105 ], [ 83.92427, 28.68102 ], [ 83.92414, 28.68105 ], [ 83.92406, 28.68102 ], [ 83.924, 28.68091 ], [ 83.92408, 28.68077 ], [ 83.92396, 28.68047 ], [ 83.92395, 28.67997 ], [ 83.92386, 28.67988 ], [ 83.92384, 28.67983 ], [ 83.92386, 28.6798 ], [ 83.92379, 28.67968 ], [ 83.92372, 28.6797 ], [ 83.92367, 28.67965 ], [ 83.9236, 28.67969 ], [ 83.92363, 28.67968 ], [ 83.92356, 28.67962 ], [ 83.92349, 28.6796 ], [ 83.92339, 28.67962 ], [ 83.92332, 28.6796 ], [ 83.92337, 28.67966 ], [ 83.92342, 28.67962 ], [ 83.92346, 28.67962 ], [ 83.92341, 28.67958 ], [ 83.92338, 28.67947 ], [ 83.92313, 28.67907 ], [ 83.92307, 28.67881 ], [ 83.92316, 28.67845 ], [ 83.9232, 28.67845 ], [ 83.9232, 28.67849 ], [ 83.9232, 28.67844 ], [ 83.92324, 28.67844 ], [ 83.92314, 28.67833 ], [ 83.92312, 28.67825 ], [ 83.92305, 28.6782 ], [ 83.92293, 28.67818 ], [ 83.92296, 28.67817 ], [ 83.92289, 28.6781 ], [ 83.92288, 28.67803 ], [ 83.92286, 28.67805 ], [ 83.92284, 28.67803 ], [ 83.92291, 28.67797 ], [ 83.92286, 28.67795 ], [ 83.92285, 28.67791 ], [ 83.92269, 28.6778 ], [ 83.9225, 28.67759 ], [ 83.92229, 28.67727 ], [ 83.92202, 28.67718 ], [ 83.92195, 28.67721 ], [ 83.9217, 28.67708 ], [ 83.92162, 28.67699 ], [ 83.92119, 28.67669 ], [ 83.92099, 28.67646 ], [ 83.92096, 28.6763 ], [ 83.92086, 28.67627 ], [ 83.92084, 28.67622 ], [ 83.92057, 28.67597 ], [ 83.9205, 28.6757 ], [ 83.92053, 28.67559 ], [ 83.9205, 28.67542 ], [ 83.92049, 28.6754 ], [ 83.92041, 28.67538 ], [ 83.92028, 28.67523 ], [ 83.92019, 28.67473 ], [ 83.92008, 28.67459 ], [ 83.91995, 28.67431 ], [ 83.91994, 28.67424 ], [ 83.91998, 28.67416 ], [ 83.92, 28.67396 ], [ 83.91989, 28.67381 ], [ 83.91982, 28.67376 ], [ 83.91972, 28.67355 ], [ 83.91965, 28.67349 ], [ 83.91966, 28.67353 ], [ 83.91962, 28.67343 ], [ 83.91965, 28.67333 ], [ 83.91944, 28.67318 ], [ 83.91904, 28.67299 ], [ 83.91861, 28.67257 ], [ 83.91849, 28.67252 ], [ 83.9183, 28.67258 ], [ 83.91818, 28.67256 ], [ 83.91808, 28.6726 ], [ 83.91801, 28.67255 ], [ 83.91786, 28.6725 ], [ 83.91768, 28.67255 ], [ 83.91758, 28.67247 ], [ 83.9175, 28.67253 ], [ 83.91729, 28.67257 ], [ 83.91726, 28.67254 ], [ 83.91718, 28.67255 ], [ 83.91712, 28.67253 ], [ 83.91706, 28.67245 ], [ 83.91706, 28.67248 ], [ 83.91699, 28.67251 ], [ 83.91682, 28.67255 ], [ 83.91664, 28.67246 ], [ 83.91661, 28.67235 ], [ 83.91659, 28.67234 ], [ 83.91653, 28.67239 ], [ 83.9164, 28.67241 ], [ 83.91628, 28.67238 ], [ 83.91611, 28.67253 ], [ 83.91598, 28.6725 ], [ 83.91588, 28.67253 ], [ 83.91584, 28.67269 ], [ 83.91579, 28.67275 ], [ 83.91562, 28.67282 ], [ 83.91544, 28.67286 ], [ 83.91531, 28.673 ], [ 83.91523, 28.67304 ], [ 83.91488, 28.67344 ], [ 83.91459, 28.67361 ], [ 83.91417, 28.674 ], [ 83.91407, 28.67425 ], [ 83.91398, 28.67434 ], [ 83.91393, 28.67448 ], [ 83.91378, 28.67475 ], [ 83.91367, 28.67499 ], [ 83.91334, 28.67553 ], [ 83.91318, 28.67573 ], [ 83.91311, 28.67587 ], [ 83.91276, 28.67628 ], [ 83.91258, 28.67654 ], [ 83.9123, 28.67676 ], [ 83.91203, 28.67692 ], [ 83.91174, 28.67727 ], [ 83.9112, 28.67749 ], [ 83.91076, 28.67781 ], [ 83.91018, 28.67803 ], [ 83.91012, 28.67813 ], [ 83.90972, 28.67843 ], [ 83.90964, 28.67857 ], [ 83.9094, 28.67881 ], [ 83.90916, 28.67896 ], [ 83.90906, 28.6791 ], [ 83.90844, 28.67942 ], [ 83.9083, 28.67944 ], [ 83.90815, 28.67952 ], [ 83.90776, 28.67978 ], [ 83.90748, 28.67988 ], [ 83.9074, 28.67996 ], [ 83.90726, 28.68005 ], [ 83.9067, 28.68014 ], [ 83.90655, 28.68009 ], [ 83.9064, 28.67999 ], [ 83.90634, 28.67993 ], [ 83.90631, 28.67956 ], [ 83.90615, 28.67959 ], [ 83.90614, 28.67957 ], [ 83.90594, 28.67977 ], [ 83.90554, 28.67994 ], [ 83.90527, 28.67997 ], [ 83.90509, 28.67997 ], [ 83.90487, 28.67987 ], [ 83.9047, 28.67985 ], [ 83.9046, 28.67966 ], [ 83.90457, 28.67964 ], [ 83.90453, 28.67965 ], [ 83.90419, 28.67951 ], [ 83.90419, 28.67949 ], [ 83.90445, 28.67938 ], [ 83.90417, 28.67931 ], [ 83.90404, 28.67931 ], [ 83.90407, 28.67927 ], [ 83.90422, 28.67922 ], [ 83.90424, 28.67916 ], [ 83.90418, 28.67918 ], [ 83.9041, 28.67915 ], [ 83.90413, 28.67916 ], [ 83.90406, 28.67916 ], [ 83.90398, 28.67911 ], [ 83.90389, 28.67912 ], [ 83.90351, 28.67901 ], [ 83.9035, 28.67903 ], [ 83.90341, 28.67899 ], [ 83.90315, 28.679 ], [ 83.90303, 28.67895 ], [ 83.90286, 28.67893 ], [ 83.90274, 28.67889 ], [ 83.90258, 28.67892 ], [ 83.90244, 28.67885 ], [ 83.90214, 28.67881 ], [ 83.90202, 28.67876 ], [ 83.90172, 28.67873 ], [ 83.9017, 28.6787 ], [ 83.90145, 28.67864 ], [ 83.90142, 28.67866 ], [ 83.90126, 28.67859 ], [ 83.90103, 28.67853 ], [ 83.90102, 28.6785 ], [ 83.90104, 28.67852 ], [ 83.90098, 28.67856 ], [ 83.90063, 28.67851 ], [ 83.90021, 28.67834 ], [ 83.89971, 28.67821 ], [ 83.89953, 28.67813 ], [ 83.89937, 28.67801 ], [ 83.8992, 28.67796 ], [ 83.89908, 28.67787 ], [ 83.89886, 28.67784 ], [ 83.89854, 28.67784 ], [ 83.89807, 28.67776 ], [ 83.89791, 28.67771 ], [ 83.89736, 28.67746 ], [ 83.89721, 28.67746 ], [ 83.89705, 28.67755 ], [ 83.89694, 28.67752 ], [ 83.89604, 28.67758 ], [ 83.89586, 28.67755 ], [ 83.89542, 28.67756 ], [ 83.89508, 28.67765 ], [ 83.8949, 28.67766 ], [ 83.89445, 28.67779 ], [ 83.89429, 28.67773 ], [ 83.89409, 28.67772 ], [ 83.89386, 28.67757 ], [ 83.89377, 28.67756 ], [ 83.89298, 28.67713 ], [ 83.89272, 28.67702 ], [ 83.89254, 28.67687 ], [ 83.8923, 28.67673 ], [ 83.89223, 28.67665 ], [ 83.8921, 28.67661 ], [ 83.89201, 28.67656 ], [ 83.89183, 28.67638 ], [ 83.89181, 28.67626 ], [ 83.89174, 28.67615 ], [ 83.89173, 28.67603 ], [ 83.89166, 28.67583 ], [ 83.89137, 28.67532 ], [ 83.89103, 28.67511 ], [ 83.89085, 28.67505 ], [ 83.89058, 28.67487 ], [ 83.8905, 28.67479 ], [ 83.89033, 28.67469 ], [ 83.88998, 28.67462 ], [ 83.88989, 28.67456 ], [ 83.88952, 28.67445 ], [ 83.88942, 28.67439 ], [ 83.8891, 28.67427 ], [ 83.88876, 28.67421 ], [ 83.88844, 28.67412 ], [ 83.88831, 28.67412 ], [ 83.88792, 28.67401 ], [ 83.88725, 28.674 ], [ 83.88706, 28.67406 ], [ 83.88699, 28.67403 ], [ 83.88675, 28.67402 ], [ 83.88668, 28.67397 ], [ 83.88644, 28.67392 ], [ 83.88603, 28.67389 ], [ 83.8859, 28.67386 ], [ 83.88562, 28.67372 ], [ 83.88553, 28.6737 ], [ 83.88496, 28.67349 ], [ 83.88471, 28.67352 ], [ 83.88413, 28.67344 ], [ 83.88393, 28.67347 ], [ 83.88386, 28.67346 ], [ 83.88386, 28.67348 ], [ 83.88366, 28.67351 ], [ 83.88343, 28.6735 ], [ 83.88326, 28.67345 ], [ 83.88297, 28.6733 ], [ 83.88285, 28.67326 ], [ 83.88253, 28.67304 ], [ 83.88232, 28.67295 ], [ 83.88208, 28.67281 ], [ 83.8818, 28.67259 ], [ 83.88146, 28.67223 ], [ 83.88132, 28.67225 ], [ 83.88125, 28.67221 ], [ 83.88123, 28.67224 ], [ 83.88133, 28.67231 ], [ 83.88136, 28.67263 ], [ 83.8812, 28.67256 ], [ 83.88106, 28.67244 ], [ 83.88108, 28.67279 ], [ 83.88098, 28.67274 ], [ 83.88088, 28.67262 ], [ 83.88079, 28.67257 ], [ 83.88076, 28.67257 ], [ 83.88081, 28.67266 ], [ 83.8808, 28.6728 ], [ 83.88083, 28.67292 ], [ 83.8808, 28.67293 ], [ 83.88051, 28.67273 ], [ 83.88058, 28.67308 ], [ 83.88039, 28.67293 ], [ 83.88032, 28.67289 ], [ 83.8803, 28.67292 ], [ 83.88035, 28.67299 ], [ 83.8804, 28.67325 ], [ 83.88022, 28.6731 ], [ 83.88011, 28.67304 ], [ 83.88008, 28.67304 ], [ 83.88014, 28.67329 ], [ 83.87993, 28.67319 ], [ 83.87999, 28.67337 ], [ 83.87987, 28.6733 ], [ 83.87985, 28.67333 ], [ 83.87988, 28.67343 ], [ 83.87977, 28.67337 ], [ 83.87982, 28.67352 ], [ 83.87968, 28.67347 ], [ 83.87947, 28.67353 ], [ 83.87955, 28.67357 ], [ 83.87963, 28.67369 ], [ 83.87934, 28.67369 ], [ 83.87923, 28.67368 ], [ 83.87916, 28.67362 ], [ 83.87909, 28.6736 ], [ 83.87889, 28.67319 ], [ 83.87872, 28.67309 ], [ 83.87839, 28.67278 ], [ 83.87823, 28.67274 ], [ 83.87809, 28.67261 ], [ 83.87799, 28.67258 ], [ 83.87753, 28.6725 ], [ 83.87729, 28.67252 ], [ 83.87712, 28.67247 ], [ 83.87672, 28.67213 ], [ 83.87654, 28.67205 ], [ 83.87637, 28.67203 ], [ 83.87594, 28.6721 ], [ 83.87565, 28.67209 ], [ 83.87511, 28.67219 ], [ 83.8747, 28.67217 ], [ 83.87443, 28.67209 ], [ 83.87385, 28.67188 ], [ 83.8738, 28.67178 ], [ 83.87385, 28.67161 ], [ 83.87381, 28.67158 ], [ 83.87346, 28.67138 ], [ 83.87348, 28.6714 ], [ 83.8733, 28.67134 ], [ 83.87323, 28.67134 ], [ 83.87321, 28.67139 ], [ 83.87309, 28.67141 ], [ 83.87312, 28.67143 ], [ 83.87288, 28.67153 ], [ 83.87261, 28.67162 ], [ 83.87242, 28.67174 ], [ 83.87206, 28.6718 ], [ 83.8717, 28.67194 ], [ 83.87154, 28.67197 ], [ 83.87153, 28.67198 ], [ 83.87163, 28.67217 ], [ 83.87162, 28.6723 ], [ 83.87163, 28.67227 ], [ 83.87161, 28.67228 ], [ 83.87151, 28.67206 ], [ 83.87141, 28.67201 ], [ 83.87138, 28.67201 ], [ 83.87115, 28.67209 ], [ 83.8706, 28.67221 ], [ 83.87006, 28.6724 ], [ 83.86942, 28.67252 ], [ 83.86919, 28.67268 ], [ 83.86907, 28.67283 ], [ 83.86886, 28.67299 ], [ 83.86848, 28.67309 ], [ 83.86822, 28.67322 ], [ 83.86802, 28.67345 ], [ 83.86772, 28.67367 ], [ 83.86753, 28.67373 ], [ 83.86732, 28.67387 ], [ 83.86692, 28.67407 ], [ 83.86678, 28.67411 ], [ 83.86681, 28.67411 ], [ 83.86679, 28.67409 ], [ 83.86669, 28.6742 ], [ 83.86651, 28.67429 ], [ 83.86608, 28.67457 ], [ 83.86585, 28.67478 ], [ 83.86562, 28.67516 ], [ 83.86558, 28.67517 ], [ 83.86549, 28.67536 ], [ 83.86532, 28.67554 ], [ 83.86508, 28.67589 ], [ 83.86503, 28.67615 ], [ 83.86482, 28.67644 ], [ 83.86465, 28.67687 ], [ 83.86459, 28.67698 ], [ 83.86457, 28.6771 ], [ 83.86439, 28.67734 ], [ 83.86429, 28.67736 ], [ 83.86413, 28.67744 ], [ 83.86407, 28.67753 ], [ 83.86392, 28.6774 ], [ 83.86382, 28.67748 ], [ 83.86377, 28.67749 ], [ 83.86374, 28.67753 ], [ 83.86351, 28.67759 ], [ 83.86355, 28.67741 ], [ 83.86365, 28.67734 ], [ 83.86355, 28.67734 ], [ 83.86365, 28.67736 ], [ 83.86379, 28.67724 ], [ 83.86386, 28.67721 ], [ 83.86394, 28.67705 ], [ 83.86418, 28.67708 ], [ 83.86436, 28.67713 ], [ 83.86456, 28.67711 ], [ 83.86459, 28.67695 ], [ 83.86481, 28.67644 ], [ 83.86503, 28.67613 ], [ 83.86511, 28.67585 ], [ 83.86529, 28.67561 ], [ 83.86546, 28.67541 ], [ 83.86581, 28.67486 ], [ 83.86602, 28.67461 ], [ 83.86682, 28.67412 ], [ 83.86733, 28.67389 ], [ 83.86761, 28.67371 ], [ 83.86768, 28.6737 ], [ 83.86789, 28.67355 ], [ 83.86823, 28.67321 ], [ 83.86843, 28.67312 ], [ 83.86868, 28.67307 ], [ 83.86889, 28.67298 ], [ 83.8692, 28.6727 ], [ 83.86938, 28.67257 ], [ 83.86989, 28.67247 ], [ 83.87029, 28.67235 ], [ 83.87068, 28.6722 ], [ 83.87083, 28.67219 ], [ 83.87139, 28.67202 ], [ 83.87174, 28.67197 ], [ 83.87204, 28.67185 ], [ 83.87241, 28.67178 ], [ 83.87258, 28.67168 ], [ 83.87309, 28.67152 ], [ 83.87322, 28.67142 ], [ 83.8734, 28.67141 ], [ 83.87347, 28.67143 ], [ 83.8737, 28.67157 ], [ 83.87387, 28.67166 ], [ 83.87382, 28.67177 ], [ 83.87383, 28.6719 ], [ 83.87423, 28.67207 ], [ 83.87457, 28.67218 ], [ 83.87484, 28.67222 ], [ 83.87505, 28.67223 ], [ 83.87525, 28.67219 ], [ 83.87546, 28.67219 ], [ 83.87568, 28.67213 ], [ 83.87592, 28.67214 ], [ 83.87639, 28.67208 ], [ 83.87655, 28.67209 ], [ 83.87673, 28.67218 ], [ 83.87706, 28.67247 ], [ 83.87723, 28.67256 ], [ 83.87733, 28.67257 ], [ 83.87749, 28.67254 ], [ 83.87805, 28.67265 ], [ 83.87821, 28.67278 ], [ 83.87839, 28.67283 ], [ 83.8787, 28.67312 ], [ 83.87891, 28.67327 ], [ 83.87898, 28.67336 ], [ 83.87899, 28.67348 ], [ 83.87905, 28.67352 ], [ 83.87912, 28.67367 ], [ 83.87928, 28.67373 ], [ 83.87944, 28.67371 ], [ 83.87957, 28.67373 ], [ 83.87958, 28.67372 ], [ 83.87951, 28.67361 ], [ 83.87942, 28.67356 ], [ 83.87965, 28.67351 ], [ 83.87976, 28.67354 ], [ 83.8797, 28.67342 ], [ 83.87977, 28.67341 ], [ 83.87985, 28.67346 ], [ 83.8798, 28.67334 ], [ 83.87986, 28.67334 ], [ 83.87995, 28.67341 ], [ 83.87988, 28.67323 ], [ 83.87994, 28.67323 ], [ 83.8801, 28.67332 ], [ 83.88004, 28.67308 ], [ 83.88008, 28.67307 ], [ 83.88019, 28.67314 ], [ 83.88036, 28.67329 ], [ 83.88026, 28.67296 ], [ 83.8803, 28.67295 ], [ 83.88037, 28.67298 ], [ 83.88053, 28.67311 ], [ 83.88044, 28.67276 ], [ 83.88049, 28.67277 ], [ 83.88078, 28.67297 ], [ 83.88073, 28.67284 ], [ 83.88073, 28.6726 ], [ 83.88079, 28.67266 ], [ 83.88077, 28.67267 ], [ 83.88083, 28.67267 ], [ 83.88099, 28.6728 ], [ 83.88105, 28.67283 ], [ 83.88109, 28.67281 ], [ 83.88118, 28.67283 ], [ 83.88128, 28.67289 ], [ 83.88177, 28.67296 ], [ 83.882, 28.67302 ], [ 83.88215, 28.67301 ], [ 83.8831, 28.67349 ], [ 83.88335, 28.67357 ], [ 83.88358, 28.67359 ], [ 83.88399, 28.6735 ], [ 83.88397, 28.67352 ], [ 83.88402, 28.67353 ], [ 83.88403, 28.67348 ], [ 83.88441, 28.67355 ], [ 83.88462, 28.67357 ], [ 83.88483, 28.67354 ], [ 83.88553, 28.67377 ], [ 83.88578, 28.67389 ], [ 83.88597, 28.67395 ], [ 83.88646, 28.67399 ], [ 83.8867, 28.67407 ], [ 83.88689, 28.67405 ], [ 83.8871, 28.67408 ], [ 83.88722, 28.67405 ], [ 83.8872, 28.67404 ], [ 83.8878, 28.67404 ], [ 83.88845, 28.67416 ], [ 83.88872, 28.67424 ], [ 83.88903, 28.67428 ], [ 83.88931, 28.67438 ], [ 83.8896, 28.67452 ], [ 83.88988, 28.6746 ], [ 83.88993, 28.67464 ], [ 83.89028, 28.67471 ], [ 83.89041, 28.67478 ], [ 83.8907, 28.67502 ], [ 83.89098, 28.67513 ], [ 83.89132, 28.67533 ], [ 83.89137, 28.67539 ], [ 83.89165, 28.67591 ], [ 83.89185, 28.67649 ], [ 83.89196, 28.67658 ], [ 83.89221, 28.67671 ], [ 83.89272, 28.67707 ], [ 83.89309, 28.67725 ], [ 83.89323, 28.67735 ], [ 83.89386, 28.67762 ], [ 83.89404, 28.67775 ], [ 83.89444, 28.67781 ], [ 83.89458, 28.67779 ], [ 83.89487, 28.6777 ], [ 83.89509, 28.67768 ], [ 83.89549, 28.67758 ], [ 83.89606, 28.67763 ], [ 83.89687, 28.67757 ], [ 83.89707, 28.67758 ], [ 83.89719, 28.6775 ], [ 83.89735, 28.6775 ], [ 83.89808, 28.67781 ], [ 83.89854, 28.6779 ], [ 83.89883, 28.67787 ], [ 83.89904, 28.67791 ], [ 83.89928, 28.67806 ], [ 83.89939, 28.67808 ], [ 83.89959, 28.6782 ], [ 83.90016, 28.67838 ], [ 83.90075, 28.67862 ], [ 83.901, 28.67861 ], [ 83.90158, 28.67873 ], [ 83.9017, 28.67878 ], [ 83.90215, 28.67885 ], [ 83.90264, 28.67897 ], [ 83.90299, 28.679 ], [ 83.90318, 28.67907 ], [ 83.90335, 28.67907 ], [ 83.90383, 28.67913 ], [ 83.90404, 28.67922 ], [ 83.90423, 28.67925 ], [ 83.90417, 28.6793 ], [ 83.90413, 28.6793 ], [ 83.90415, 28.67932 ], [ 83.90404, 28.67934 ], [ 83.90403, 28.67937 ], [ 83.90419, 28.67938 ], [ 83.9044, 28.67944 ], [ 83.90426, 28.67952 ], [ 83.90438, 28.67959 ], [ 83.90434, 28.67961 ], [ 83.90438, 28.67962 ], [ 83.90435, 28.67966 ], [ 83.90461, 28.67976 ], [ 83.90463, 28.67987 ], [ 83.90461, 28.67987 ], [ 83.9047, 28.67995 ], [ 83.90479, 28.67994 ], [ 83.9049, 28.67997 ], [ 83.90505, 28.68006 ], [ 83.90533, 28.68005 ], [ 83.90553, 28.68001 ], [ 83.90561, 28.67996 ], [ 83.9057, 28.67996 ], [ 83.90594, 28.67983 ], [ 83.90609, 28.67969 ], [ 83.90629, 28.67967 ], [ 83.9063, 28.67988 ], [ 83.90634, 28.68008 ], [ 83.90671, 28.68025 ], [ 83.90688, 28.68022 ], [ 83.90729, 28.68007 ], [ 83.90761, 28.67982 ], [ 83.90772, 28.67979 ], [ 83.9082, 28.67987 ], [ 83.90822, 28.67966 ], [ 83.90832, 28.6795 ], [ 83.90846, 28.67945 ], [ 83.90841, 28.67946 ], [ 83.90839, 28.67944 ], [ 83.90837, 28.67934 ], [ 83.90839, 28.67936 ], [ 83.9085, 28.67934 ], [ 83.9091, 28.67903 ], [ 83.90921, 28.67888 ], [ 83.90936, 28.67881 ], [ 83.90944, 28.67875 ], [ 83.9098, 28.67831 ], [ 83.91004, 28.67817 ], [ 83.91011, 28.6781 ], [ 83.91018, 28.67797 ], [ 83.91038, 28.67792 ], [ 83.91077, 28.67776 ], [ 83.91105, 28.67755 ], [ 83.91115, 28.67751 ], [ 83.91124, 28.67743 ], [ 83.91161, 28.67729 ], [ 83.91177, 28.6772 ], [ 83.91204, 28.67688 ], [ 83.91237, 28.67668 ], [ 83.9126, 28.67647 ], [ 83.91275, 28.67623 ], [ 83.9131, 28.67585 ], [ 83.91318, 28.67568 ], [ 83.91331, 28.67555 ], [ 83.9135, 28.67524 ], [ 83.91346, 28.67525 ], [ 83.91348, 28.67525 ], [ 83.91367, 28.67493 ], [ 83.91397, 28.6743 ], [ 83.91407, 28.6742 ], [ 83.91421, 28.67393 ], [ 83.91437, 28.67376 ], [ 83.9146, 28.67359 ], [ 83.91464, 28.67353 ], [ 83.91489, 28.67339 ], [ 83.91527, 28.67298 ], [ 83.91537, 28.6729 ], [ 83.91544, 28.67279 ], [ 83.91562, 28.67278 ], [ 83.91578, 28.67273 ], [ 83.91584, 28.67266 ], [ 83.91589, 28.67248 ], [ 83.91597, 28.67245 ], [ 83.91616, 28.67248 ], [ 83.9163, 28.67233 ], [ 83.91642, 28.67235 ], [ 83.91664, 28.67229 ], [ 83.91673, 28.67243 ], [ 83.91686, 28.67246 ], [ 83.91702, 28.67244 ], [ 83.91707, 28.6724 ], [ 83.9172, 28.6725 ], [ 83.91733, 28.67252 ], [ 83.91748, 28.67251 ], [ 83.91762, 28.67241 ], [ 83.91777, 28.67249 ], [ 83.91795, 28.67246 ], [ 83.91813, 28.67254 ], [ 83.91839, 28.67251 ], [ 83.91851, 28.67248 ], [ 83.91861, 28.67252 ], [ 83.91914, 28.673 ], [ 83.9193, 28.67306 ], [ 83.91967, 28.67328 ], [ 83.91965, 28.67339 ], [ 83.91968, 28.67345 ], [ 83.91988, 28.67374 ], [ 83.91991, 28.67382 ], [ 83.92, 28.67391 ], [ 83.92001, 28.674 ], [ 83.91994, 28.67417 ], [ 83.91997, 28.6743 ], [ 83.92008, 28.67452 ], [ 83.92023, 28.67473 ], [ 83.92031, 28.6752 ], [ 83.92035, 28.67526 ], [ 83.9205, 28.67535 ], [ 83.92052, 28.67539 ], [ 83.92049, 28.6754 ], [ 83.92053, 28.67541 ], [ 83.92053, 28.67566 ], [ 83.92059, 28.6759 ], [ 83.92074, 28.67606 ], [ 83.92099, 28.67624 ], [ 83.92099, 28.67638 ], [ 83.92129, 28.67669 ], [ 83.92186, 28.67709 ], [ 83.92226, 28.67716 ], [ 83.92246, 28.67746 ], [ 83.92282, 28.6778 ], [ 83.92282, 28.67782 ], [ 83.92293, 28.67789 ], [ 83.92293, 28.67792 ], [ 83.92285, 28.67795 ], [ 83.92291, 28.67798 ], [ 83.92299, 28.67812 ], [ 83.92306, 28.67807 ], [ 83.92313, 28.67809 ], [ 83.92328, 28.67837 ], [ 83.92323, 28.67834 ], [ 83.92317, 28.67836 ], [ 83.92319, 28.67841 ], [ 83.92314, 28.67839 ], [ 83.92318, 28.67843 ], [ 83.92319, 28.67847 ], [ 83.92309, 28.67875 ], [ 83.92315, 28.67891 ], [ 83.92316, 28.67897 ], [ 83.92314, 28.67897 ], [ 83.92318, 28.67897 ], [ 83.92315, 28.67898 ], [ 83.92318, 28.67899 ], [ 83.92327, 28.67915 ], [ 83.92333, 28.6792 ], [ 83.92341, 28.67932 ], [ 83.92341, 28.67939 ], [ 83.92343, 28.67938 ], [ 83.92345, 28.67944 ], [ 83.92347, 28.67942 ], [ 83.92337, 28.67947 ], [ 83.92341, 28.67952 ], [ 83.92337, 28.67951 ], [ 83.92336, 28.67949 ], [ 83.92356, 28.67945 ], [ 83.92351, 28.67949 ], [ 83.92362, 28.67951 ], [ 83.92371, 28.6796 ], [ 83.9237, 28.67963 ], [ 83.92383, 28.67962 ], [ 83.92387, 28.67965 ], [ 83.92385, 28.67971 ], [ 83.92387, 28.67978 ], [ 83.92398, 28.67993 ], [ 83.92396, 28.68015 ], [ 83.92399, 28.68046 ], [ 83.92397, 28.68039 ], [ 83.9241, 28.68068 ], [ 83.92403, 28.68082 ], [ 83.92408, 28.68093 ], [ 83.92418, 28.68096 ], [ 83.92426, 28.68093 ], [ 83.92432, 28.68096 ], [ 83.92437, 28.68103 ], [ 83.9245, 28.68108 ], [ 83.92457, 28.68108 ], [ 83.92484, 28.68121 ], [ 83.92508, 28.68152 ], [ 83.92527, 28.68166 ], [ 83.92536, 28.68181 ], [ 83.92545, 28.68184 ], [ 83.92553, 28.68192 ], [ 83.92575, 28.68201 ], [ 83.92592, 28.68227 ], [ 83.92602, 28.68232 ], [ 83.92598, 28.68228 ], [ 83.92603, 28.68231 ], [ 83.92621, 28.68231 ], [ 83.92628, 28.68225 ], [ 83.92659, 28.68212 ], [ 83.92688, 28.68206 ], [ 83.92736, 28.68174 ], [ 83.92741, 28.68175 ], [ 83.92758, 28.68194 ], [ 83.92755, 28.68202 ], [ 83.92759, 28.68209 ], [ 83.92766, 28.68212 ], [ 83.9277, 28.68225 ], [ 83.92783, 28.68233 ], [ 83.92795, 28.6822 ], [ 83.928, 28.68207 ], [ 83.92817, 28.6819 ], [ 83.92833, 28.68179 ], [ 83.92836, 28.68163 ], [ 83.92843, 28.68156 ], [ 83.92867, 28.68152 ], [ 83.92911, 28.68163 ], [ 83.92937, 28.68157 ], [ 83.92966, 28.68146 ], [ 83.93002, 28.68139 ], [ 83.93037, 28.68149 ], [ 83.93044, 28.68153 ], [ 83.9305, 28.68161 ], [ 83.93068, 28.68169 ], [ 83.93091, 28.68175 ], [ 83.93124, 28.68176 ], [ 83.93135, 28.68202 ], [ 83.9313, 28.68215 ], [ 83.93136, 28.68225 ], [ 83.93136, 28.68236 ], [ 83.93139, 28.68242 ], [ 83.93146, 28.68244 ], [ 83.93151, 28.68241 ], [ 83.93164, 28.68241 ], [ 83.93179, 28.68233 ], [ 83.93201, 28.68246 ], [ 83.93233, 28.68273 ], [ 83.93285, 28.68288 ], [ 83.93305, 28.68299 ], [ 83.93329, 28.68302 ], [ 83.93344, 28.68308 ], [ 83.93354, 28.68291 ], [ 83.93383, 28.6827 ], [ 83.93399, 28.68266 ], [ 83.9343, 28.68252 ], [ 83.9345, 28.68249 ], [ 83.93466, 28.6825 ], [ 83.93484, 28.68253 ], [ 83.93498, 28.68252 ], [ 83.93525, 28.68237 ], [ 83.93536, 28.68235 ], [ 83.93562, 28.68237 ], [ 83.93579, 28.68244 ], [ 83.93587, 28.6825 ], [ 83.93599, 28.6825 ], [ 83.93656, 28.68248 ], [ 83.93697, 28.68241 ], [ 83.93715, 28.68244 ], [ 83.93729, 28.68242 ], [ 83.93768, 28.68236 ], [ 83.93787, 28.6823 ], [ 83.93822, 28.68226 ], [ 83.93835, 28.68222 ], [ 83.93851, 28.68211 ], [ 83.93902, 28.68197 ], [ 83.93932, 28.68184 ], [ 83.93952, 28.68179 ], [ 83.93971, 28.68168 ], [ 83.93982, 28.68154 ], [ 83.9399, 28.68151 ], [ 83.93999, 28.68152 ], [ 83.94001, 28.68148 ], [ 83.94005, 28.68149 ], [ 83.9399, 28.68162 ], [ 83.93993, 28.68163 ], [ 83.94007, 28.68155 ], [ 83.93995, 28.68174 ], [ 83.94, 28.6818 ], [ 83.94, 28.68191 ], [ 83.94051, 28.68203 ], [ 83.94049, 28.68204 ], [ 83.94055, 28.68199 ], [ 83.94079, 28.68189 ], [ 83.94093, 28.68177 ], [ 83.94107, 28.68171 ], [ 83.94128, 28.68168 ], [ 83.94136, 28.6816 ], [ 83.94158, 28.68153 ], [ 83.94167, 28.68147 ], [ 83.94177, 28.68145 ], [ 83.94208, 28.6813 ], [ 83.94231, 28.68128 ], [ 83.94264, 28.68129 ], [ 83.94275, 28.68127 ], [ 83.9428, 28.68129 ], [ 83.94295, 28.68127 ], [ 83.94304, 28.68129 ], [ 83.94312, 28.68121 ], [ 83.9432, 28.68119 ], [ 83.9433, 28.68119 ], [ 83.94345, 28.68124 ], [ 83.94369, 28.68125 ], [ 83.94388, 28.68118 ], [ 83.94398, 28.68107 ], [ 83.94429, 28.68089 ], [ 83.94448, 28.68085 ], [ 83.94464, 28.68077 ], [ 83.94501, 28.68067 ], [ 83.94528, 28.68051 ], [ 83.94542, 28.68049 ], [ 83.94561, 28.68057 ], [ 83.94573, 28.68068 ], [ 83.94592, 28.68059 ], [ 83.946, 28.68057 ], [ 83.94614, 28.68048 ], [ 83.94625, 28.68044 ], [ 83.94648, 28.68049 ], [ 83.94657, 28.68044 ], [ 83.9467, 28.68042 ], [ 83.94673, 28.68034 ], [ 83.94676, 28.68034 ], [ 83.94685, 28.68035 ], [ 83.94695, 28.68042 ], [ 83.94703, 28.6804 ], [ 83.94711, 28.68043 ], [ 83.94722, 28.68043 ], [ 83.94732, 28.68041 ], [ 83.94742, 28.68045 ], [ 83.94769, 28.68047 ], [ 83.94779, 28.68042 ], [ 83.94809, 28.68037 ], [ 83.94828, 28.68027 ], [ 83.94845, 28.68025 ], [ 83.94867, 28.68028 ], [ 83.94884, 28.68026 ], [ 83.94914, 28.68011 ], [ 83.94927, 28.68009 ], [ 83.94982, 28.68027 ], [ 83.9503, 28.68034 ], [ 83.95037, 28.68032 ], [ 83.95089, 28.68026 ], [ 83.95121, 28.68025 ], [ 83.95144, 28.68018 ], [ 83.95169, 28.68017 ], [ 83.95209, 28.68006 ], [ 83.95215, 28.68007 ], [ 83.95239, 28.68019 ], [ 83.95272, 28.68026 ], [ 83.95288, 28.68025 ], [ 83.95301, 28.6802 ], [ 83.95313, 28.68019 ], [ 83.95328, 28.68023 ], [ 83.9536, 28.68025 ], [ 83.95378, 28.68036 ], [ 83.95386, 28.68037 ], [ 83.95414, 28.68051 ], [ 83.95424, 28.6806 ], [ 83.9543, 28.68069 ], [ 83.95443, 28.68079 ], [ 83.95436, 28.68086 ], [ 83.9544, 28.6809 ], [ 83.95446, 28.68094 ], [ 83.95455, 28.68094 ], [ 83.9547, 28.68084 ], [ 83.95481, 28.68071 ], [ 83.95512, 28.68056 ], [ 83.95528, 28.68032 ], [ 83.95537, 28.68026 ], [ 83.95596, 28.67997 ], [ 83.95644, 28.67966 ], [ 83.95651, 28.67965 ], [ 83.95672, 28.67946 ], [ 83.95698, 28.6793 ], [ 83.95717, 28.67911 ], [ 83.95751, 28.67889 ], [ 83.95773, 28.67879 ], [ 83.95804, 28.67859 ], [ 83.95833, 28.67846 ], [ 83.95847, 28.67829 ], [ 83.95871, 28.6781 ], [ 83.95887, 28.67793 ], [ 83.95921, 28.67793 ], [ 83.95935, 28.6778 ], [ 83.95951, 28.67776 ], [ 83.95964, 28.67764 ], [ 83.95999, 28.6775 ], [ 83.96061, 28.67734 ], [ 83.96102, 28.67728 ], [ 83.96112, 28.6773 ], [ 83.96128, 28.67744 ], [ 83.9613, 28.67733 ], [ 83.96139, 28.67728 ], [ 83.96141, 28.6773 ], [ 83.96145, 28.67728 ], [ 83.96158, 28.67727 ], [ 83.96205, 28.6771 ], [ 83.9623, 28.6771 ], [ 83.96259, 28.67698 ], [ 83.96266, 28.677 ], [ 83.96273, 28.67708 ], [ 83.9628, 28.67706 ], [ 83.96292, 28.67693 ], [ 83.96309, 28.67692 ], [ 83.96337, 28.67671 ], [ 83.96375, 28.67657 ], [ 83.964, 28.67651 ], [ 83.96432, 28.67653 ], [ 83.96446, 28.67651 ], [ 83.96456, 28.67656 ], [ 83.96446, 28.67652 ], [ 83.96471, 28.67659 ], [ 83.96521, 28.6766 ], [ 83.96552, 28.67656 ], [ 83.96584, 28.67666 ], [ 83.96608, 28.67668 ], [ 83.96646, 28.67681 ], [ 83.96651, 28.6768 ], [ 83.96655, 28.6767 ], [ 83.96659, 28.67671 ], [ 83.96667, 28.67667 ], [ 83.96691, 28.67661 ], [ 83.96714, 28.6766 ], [ 83.96742, 28.67666 ], [ 83.96748, 28.67672 ], [ 83.96756, 28.67673 ], [ 83.9677, 28.67684 ], [ 83.96793, 28.6771 ], [ 83.96809, 28.67714 ], [ 83.96858, 28.67714 ], [ 83.9687, 28.67707 ], [ 83.96899, 28.67697 ], [ 83.96932, 28.67694 ], [ 83.96942, 28.677 ], [ 83.96966, 28.677 ], [ 83.97006, 28.6769 ], [ 83.9704, 28.67703 ], [ 83.97056, 28.67703 ], [ 83.97071, 28.67708 ], [ 83.97082, 28.67714 ], [ 83.97117, 28.67723 ], [ 83.97132, 28.67731 ], [ 83.97131, 28.67728 ], [ 83.97151, 28.67714 ], [ 83.97153, 28.67712 ], [ 83.97149, 28.67715 ], [ 83.97153, 28.6771 ], [ 83.97161, 28.67708 ], [ 83.97187, 28.67682 ], [ 83.97192, 28.6768 ], [ 83.97208, 28.6769 ], [ 83.97216, 28.67702 ], [ 83.97212, 28.67718 ], [ 83.97194, 28.67727 ], [ 83.9719, 28.67734 ], [ 83.97195, 28.67741 ], [ 83.97196, 28.67755 ], [ 83.97192, 28.67774 ], [ 83.97187, 28.67783 ], [ 83.97187, 28.67794 ], [ 83.97201, 28.67813 ], [ 83.97215, 28.67817 ], [ 83.97232, 28.67819 ], [ 83.9724, 28.67824 ], [ 83.97245, 28.67857 ], [ 83.97245, 28.67866 ], [ 83.9724, 28.67878 ], [ 83.9724, 28.67892 ], [ 83.97249, 28.67914 ], [ 83.97265, 28.67967 ], [ 83.97287, 28.67992 ], [ 83.97299, 28.67997 ], [ 83.97304, 28.68012 ], [ 83.97304, 28.68029 ], [ 83.97324, 28.68028 ], [ 83.97384, 28.68041 ], [ 83.97433, 28.68035 ], [ 83.97466, 28.68013 ], [ 83.97477, 28.68014 ], [ 83.97516, 28.68004 ], [ 83.9752, 28.67998 ], [ 83.97533, 28.67992 ], [ 83.97541, 28.67979 ], [ 83.97554, 28.67979 ], [ 83.97562, 28.67973 ], [ 83.9759, 28.6797 ], [ 83.97609, 28.67957 ], [ 83.97646, 28.67942 ], [ 83.97689, 28.67919 ], [ 83.97699, 28.67908 ], [ 83.97708, 28.67902 ], [ 83.97715, 28.67888 ], [ 83.97725, 28.67884 ], [ 83.97734, 28.67882 ], [ 83.97754, 28.67885 ], [ 83.97791, 28.67881 ], [ 83.97797, 28.67884 ], [ 83.97815, 28.67882 ], [ 83.97837, 28.67889 ], [ 83.97867, 28.67888 ], [ 83.97893, 28.67883 ], [ 83.97923, 28.67856 ], [ 83.97949, 28.67847 ], [ 83.97969, 28.67833 ], [ 83.98, 28.67825 ], [ 83.98033, 28.67824 ], [ 83.98073, 28.67811 ], [ 83.98085, 28.67802 ], [ 83.981, 28.678 ], [ 83.98113, 28.6779 ], [ 83.98126, 28.67783 ], [ 83.98126, 28.67785 ], [ 83.98126, 28.67782 ], [ 83.98127, 28.67784 ], [ 83.98136, 28.67777 ], [ 83.98167, 28.67763 ], [ 83.98171, 28.67765 ], [ 83.98165, 28.67763 ], [ 83.98184, 28.67768 ], [ 83.98198, 28.67781 ], [ 83.98207, 28.67787 ], [ 83.98221, 28.67807 ], [ 83.98215, 28.67808 ], [ 83.98221, 28.67807 ], [ 83.98226, 28.67815 ], [ 83.98235, 28.67822 ], [ 83.98245, 28.67826 ], [ 83.98273, 28.67828 ], [ 83.98305, 28.67842 ], [ 83.98355, 28.67856 ], [ 83.98389, 28.67853 ], [ 83.98412, 28.67855 ], [ 83.98423, 28.67852 ], [ 83.98444, 28.6786 ], [ 83.98456, 28.67854 ], [ 83.98464, 28.67853 ], [ 83.98478, 28.67858 ], [ 83.98484, 28.67855 ], [ 83.98508, 28.67855 ], [ 83.98517, 28.6786 ], [ 83.98529, 28.67856 ], [ 83.98587, 28.67852 ], [ 83.98594, 28.67845 ], [ 83.98607, 28.67842 ], [ 83.98617, 28.67835 ], [ 83.98626, 28.67833 ], [ 83.98648, 28.67833 ], [ 83.98678, 28.6783 ], [ 83.98686, 28.67832 ], [ 83.98714, 28.67832 ], [ 83.98724, 28.6783 ], [ 83.98772, 28.67838 ], [ 83.988, 28.67848 ], [ 83.98822, 28.6785 ], [ 83.98853, 28.67864 ], [ 83.98874, 28.67877 ], [ 83.98878, 28.67898 ], [ 83.98875, 28.67908 ], [ 83.9888, 28.67899 ], [ 83.98889, 28.67898 ], [ 83.98885, 28.67906 ], [ 83.98887, 28.67915 ], [ 83.98882, 28.6793 ], [ 83.98885, 28.6793 ], [ 83.98877, 28.67941 ], [ 83.98897, 28.67941 ], [ 83.9888, 28.67954 ], [ 83.98879, 28.67962 ], [ 83.9887, 28.67969 ], [ 83.98865, 28.6797 ], [ 83.98861, 28.67973 ], [ 83.98861, 28.67977 ], [ 83.98854, 28.67981 ], [ 83.98844, 28.67993 ], [ 83.98845, 28.67995 ], [ 83.98832, 28.68003 ], [ 83.98816, 28.68027 ], [ 83.98792, 28.68048 ], [ 83.98781, 28.68062 ], [ 83.98772, 28.68066 ], [ 83.98758, 28.6808 ], [ 83.98751, 28.68081 ], [ 83.98755, 28.68083 ], [ 83.98742, 28.68103 ], [ 83.9873, 28.68137 ], [ 83.98712, 28.68172 ], [ 83.98699, 28.68189 ], [ 83.98679, 28.68209 ], [ 83.98668, 28.68216 ], [ 83.98651, 28.68237 ], [ 83.9864, 28.68255 ], [ 83.98624, 28.6827 ], [ 83.98615, 28.68296 ], [ 83.98592, 28.68316 ], [ 83.98598, 28.68315 ], [ 83.98593, 28.68319 ], [ 83.98587, 28.68334 ], [ 83.98578, 28.68344 ], [ 83.98565, 28.68367 ], [ 83.98565, 28.68383 ], [ 83.9856, 28.68391 ], [ 83.98579, 28.68384 ], [ 83.98582, 28.68385 ], [ 83.98577, 28.68401 ], [ 83.9857, 28.68406 ], [ 83.98568, 28.68413 ], [ 83.98562, 28.68415 ], [ 83.98556, 28.68427 ], [ 83.98546, 28.68434 ], [ 83.98538, 28.68458 ], [ 83.98531, 28.68465 ], [ 83.98525, 28.6848 ], [ 83.98518, 28.68491 ], [ 83.98508, 28.68531 ], [ 83.98502, 28.68538 ], [ 83.98504, 28.68553 ], [ 83.98498, 28.6857 ], [ 83.98503, 28.68587 ], [ 83.98502, 28.68598 ], [ 83.98509, 28.68606 ], [ 83.98505, 28.68614 ], [ 83.98503, 28.68637 ], [ 83.98492, 28.68663 ], [ 83.98498, 28.68685 ], [ 83.98494, 28.68685 ], [ 83.98499, 28.68685 ], [ 83.98496, 28.68685 ], [ 83.98497, 28.68698 ], [ 83.98492, 28.68707 ], [ 83.98495, 28.6872 ], [ 83.98489, 28.68733 ], [ 83.9849, 28.68741 ], [ 83.98478, 28.68749 ], [ 83.98462, 28.68773 ], [ 83.9845, 28.68782 ], [ 83.98441, 28.68784 ], [ 83.9843, 28.68796 ], [ 83.98425, 28.68822 ], [ 83.98421, 28.68831 ], [ 83.98415, 28.68877 ], [ 83.98419, 28.68896 ], [ 83.98417, 28.68906 ], [ 83.98421, 28.68922 ], [ 83.98416, 28.68931 ], [ 83.98415, 28.68944 ], [ 83.98407, 28.6895 ], [ 83.98401, 28.68966 ], [ 83.98399, 28.69004 ], [ 83.98387, 28.69023 ], [ 83.98376, 28.6903 ], [ 83.98367, 28.69042 ], [ 83.98368, 28.69064 ], [ 83.98381, 28.691 ], [ 83.98382, 28.69108 ], [ 83.98377, 28.69116 ], [ 83.98383, 28.69134 ], [ 83.98366, 28.69191 ], [ 83.98359, 28.69201 ], [ 83.98356, 28.69215 ], [ 83.98351, 28.69224 ], [ 83.98356, 28.69248 ], [ 83.9836, 28.69254 ], [ 83.98368, 28.69248 ], [ 83.98371, 28.6925 ], [ 83.98423, 28.69292 ], [ 83.98437, 28.69297 ], [ 83.98438, 28.69292 ], [ 83.98424, 28.69289 ], [ 83.98431, 28.69288 ], [ 83.98428, 28.69292 ], [ 83.9843, 28.69297 ], [ 83.98428, 28.693 ], [ 83.98428, 28.69297 ], [ 83.98441, 28.69306 ], [ 83.98457, 28.69306 ], [ 83.98464, 28.69284 ], [ 83.98471, 28.69278 ], [ 83.98477, 28.69277 ], [ 83.98481, 28.69271 ], [ 83.98498, 28.69283 ], [ 83.9851, 28.69302 ], [ 83.98514, 28.69318 ], [ 83.98499, 28.69362 ], [ 83.98511, 28.69416 ], [ 83.98521, 28.69431 ], [ 83.98531, 28.69435 ], [ 83.98547, 28.69451 ], [ 83.98549, 28.69487 ], [ 83.98559, 28.69499 ], [ 83.98563, 28.69517 ], [ 83.98567, 28.69521 ], [ 83.98565, 28.69526 ], [ 83.98576, 28.69543 ], [ 83.98573, 28.69548 ], [ 83.98577, 28.69554 ], [ 83.98579, 28.69577 ], [ 83.98588, 28.69601 ], [ 83.98592, 28.69623 ], [ 83.98602, 28.69629 ], [ 83.98601, 28.69634 ], [ 83.98593, 28.69637 ], [ 83.98594, 28.69646 ], [ 83.98596, 28.69659 ], [ 83.98604, 28.69662 ], [ 83.98605, 28.69667 ], [ 83.9861, 28.69672 ], [ 83.98602, 28.69683 ], [ 83.98601, 28.69689 ], [ 83.98597, 28.69688 ], [ 83.98601, 28.69695 ], [ 83.98594, 28.69706 ], [ 83.98597, 28.69717 ], [ 83.98594, 28.69725 ], [ 83.98607, 28.6976 ], [ 83.98607, 28.69803 ], [ 83.98611, 28.69808 ], [ 83.98612, 28.69814 ], [ 83.98606, 28.69845 ], [ 83.98606, 28.69856 ], [ 83.98613, 28.69871 ], [ 83.98605, 28.69896 ], [ 83.98607, 28.69912 ], [ 83.98598, 28.69952 ], [ 83.98598, 28.69973 ], [ 83.98595, 28.69975 ], [ 83.98597, 28.69995 ], [ 83.98584, 28.70039 ], [ 83.98575, 28.70046 ], [ 83.98575, 28.70052 ], [ 83.98571, 28.70058 ], [ 83.98565, 28.70094 ], [ 83.98554, 28.70101 ], [ 83.9855, 28.70106 ], [ 83.98482, 28.70145 ], [ 83.98477, 28.70151 ], [ 83.98437, 28.70182 ], [ 83.98406, 28.70223 ], [ 83.98391, 28.70238 ], [ 83.98391, 28.70243 ], [ 83.98382, 28.7026 ], [ 83.98359, 28.70283 ], [ 83.98338, 28.70321 ], [ 83.98317, 28.70351 ], [ 83.98304, 28.70358 ], [ 83.98269, 28.70389 ], [ 83.98264, 28.70417 ], [ 83.98253, 28.70429 ], [ 83.9824, 28.70456 ], [ 83.98228, 28.70466 ], [ 83.98223, 28.70481 ], [ 83.98217, 28.70479 ], [ 83.98223, 28.70481 ], [ 83.98233, 28.70507 ], [ 83.98232, 28.70516 ], [ 83.98211, 28.70533 ], [ 83.98195, 28.7054 ], [ 83.9816, 28.70566 ], [ 83.98126, 28.70584 ], [ 83.98125, 28.70591 ], [ 83.98114, 28.70604 ], [ 83.98103, 28.70633 ], [ 83.98105, 28.70629 ], [ 83.98105, 28.70631 ], [ 83.98085, 28.70664 ], [ 83.98072, 28.70675 ], [ 83.98068, 28.70684 ], [ 83.98048, 28.70708 ], [ 83.98035, 28.70732 ], [ 83.98016, 28.70749 ], [ 83.97993, 28.70781 ], [ 83.97979, 28.70794 ], [ 83.97949, 28.70814 ], [ 83.97941, 28.70817 ], [ 83.9792, 28.70832 ], [ 83.97893, 28.70859 ], [ 83.97884, 28.70883 ], [ 83.97869, 28.70907 ], [ 83.97854, 28.70953 ], [ 83.97843, 28.70969 ], [ 83.97819, 28.70996 ], [ 83.97811, 28.71014 ], [ 83.97803, 28.71039 ], [ 83.97803, 28.71066 ], [ 83.978, 28.71082 ], [ 83.97784, 28.71105 ], [ 83.97778, 28.7112 ], [ 83.97776, 28.71118 ], [ 83.97771, 28.7113 ], [ 83.97727, 28.71199 ], [ 83.97706, 28.71243 ], [ 83.97694, 28.71259 ], [ 83.97681, 28.71286 ], [ 83.97673, 28.71319 ], [ 83.97664, 28.71327 ], [ 83.97661, 28.71334 ], [ 83.97663, 28.71331 ], [ 83.97655, 28.71364 ], [ 83.97652, 28.71402 ], [ 83.97648, 28.71419 ], [ 83.97634, 28.71431 ], [ 83.97599, 28.71482 ], [ 83.97601, 28.71493 ], [ 83.97591, 28.71528 ], [ 83.97599, 28.71545 ], [ 83.97596, 28.7157 ], [ 83.97601, 28.71578 ], [ 83.97599, 28.71589 ], [ 83.976, 28.71585 ], [ 83.97607, 28.71611 ], [ 83.97622, 28.71633 ], [ 83.97624, 28.7164 ], [ 83.97615, 28.71651 ], [ 83.97603, 28.71679 ], [ 83.97614, 28.71727 ], [ 83.97615, 28.7174 ], [ 83.97608, 28.71753 ], [ 83.97629, 28.71785 ], [ 83.97656, 28.71799 ], [ 83.9767, 28.7182 ], [ 83.97669, 28.71829 ], [ 83.9766, 28.71843 ], [ 83.97654, 28.71847 ], [ 83.97636, 28.71849 ], [ 83.97626, 28.71865 ], [ 83.97582, 28.71892 ], [ 83.97573, 28.7191 ], [ 83.97567, 28.71915 ], [ 83.97566, 28.71931 ], [ 83.97562, 28.71942 ], [ 83.97554, 28.71948 ], [ 83.97545, 28.71949 ], [ 83.97521, 28.71985 ], [ 83.97504, 28.71999 ], [ 83.97504, 28.72006 ], [ 83.97499, 28.72015 ], [ 83.97495, 28.72017 ], [ 83.97493, 28.72024 ], [ 83.97493, 28.72044 ], [ 83.97488, 28.72053 ], [ 83.97481, 28.72086 ], [ 83.9745, 28.72122 ], [ 83.97444, 28.72146 ], [ 83.97426, 28.72164 ], [ 83.97422, 28.72166 ], [ 83.97412, 28.72167 ], [ 83.97396, 28.72191 ], [ 83.97389, 28.72243 ], [ 83.97382, 28.72257 ], [ 83.97375, 28.72282 ], [ 83.97363, 28.72299 ], [ 83.97363, 28.72307 ], [ 83.97347, 28.72335 ], [ 83.97348, 28.72342 ], [ 83.97353, 28.7235 ], [ 83.97352, 28.72361 ], [ 83.97321, 28.72425 ], [ 83.97291, 28.72451 ], [ 83.97285, 28.7246 ], [ 83.97296, 28.72445 ], [ 83.97299, 28.72446 ], [ 83.97292, 28.7247 ], [ 83.97284, 28.72483 ], [ 83.9733, 28.72496 ], [ 83.97342, 28.72493 ], [ 83.97334, 28.72512 ], [ 83.9733, 28.72512 ], [ 83.97326, 28.72516 ], [ 83.97324, 28.72515 ], [ 83.97316, 28.72522 ], [ 83.97311, 28.72521 ], [ 83.97306, 28.72526 ], [ 83.97296, 28.72524 ], [ 83.97289, 28.72526 ], [ 83.97282, 28.72532 ], [ 83.97273, 28.72531 ], [ 83.97254, 28.72538 ], [ 83.97235, 28.72556 ], [ 83.97227, 28.72572 ], [ 83.97206, 28.72601 ], [ 83.97204, 28.7261 ], [ 83.97177, 28.72644 ], [ 83.97166, 28.72651 ], [ 83.97142, 28.72676 ], [ 83.97144, 28.72684 ], [ 83.97126, 28.7272 ], [ 83.97127, 28.72727 ], [ 83.97118, 28.72739 ], [ 83.97118, 28.72744 ], [ 83.97105, 28.72754 ], [ 83.97098, 28.72751 ], [ 83.97106, 28.72753 ], [ 83.97107, 28.72756 ], [ 83.97092, 28.72805 ], [ 83.97095, 28.72824 ], [ 83.97087, 28.72863 ], [ 83.97087, 28.72874 ], [ 83.9709, 28.72882 ], [ 83.97086, 28.72887 ], [ 83.97086, 28.72894 ], [ 83.9709, 28.7291 ], [ 83.97076, 28.72941 ], [ 83.97073, 28.72985 ], [ 83.97083, 28.73041 ], [ 83.97084, 28.73107 ], [ 83.97089, 28.73131 ], [ 83.97092, 28.73135 ], [ 83.97094, 28.73158 ], [ 83.9709, 28.73181 ], [ 83.97085, 28.73191 ], [ 83.97084, 28.73199 ], [ 83.97069, 28.73217 ], [ 83.97064, 28.73245 ], [ 83.97062, 28.73251 ], [ 83.97058, 28.73254 ], [ 83.97061, 28.73254 ], [ 83.97063, 28.73267 ], [ 83.97058, 28.73293 ], [ 83.97061, 28.733 ], [ 83.97063, 28.73336 ], [ 83.97071, 28.73347 ], [ 83.97072, 28.73353 ], [ 83.97078, 28.73357 ], [ 83.97076, 28.73359 ], [ 83.971, 28.73382 ], [ 83.97118, 28.73411 ], [ 83.97133, 28.73424 ], [ 83.97141, 28.73425 ], [ 83.9716, 28.73437 ], [ 83.97173, 28.73451 ], [ 83.97179, 28.73454 ], [ 83.97187, 28.73468 ], [ 83.97198, 28.73475 ], [ 83.9723, 28.73507 ], [ 83.97247, 28.73517 ], [ 83.97252, 28.73531 ], [ 83.9728, 28.73567 ], [ 83.97299, 28.73575 ], [ 83.97319, 28.73588 ], [ 83.97313, 28.73598 ], [ 83.97313, 28.73591 ], [ 83.97309, 28.73609 ], [ 83.9728, 28.73674 ], [ 83.97279, 28.73682 ], [ 83.97284, 28.73688 ], [ 83.97284, 28.73685 ], [ 83.97297, 28.73695 ], [ 83.97304, 28.73711 ], [ 83.97311, 28.73716 ], [ 83.9732, 28.73733 ], [ 83.97332, 28.73741 ], [ 83.97341, 28.73752 ], [ 83.97344, 28.73771 ], [ 83.9734, 28.73824 ], [ 83.97324, 28.73873 ], [ 83.97295, 28.73888 ], [ 83.97294, 28.73899 ], [ 83.97297, 28.73906 ], [ 83.97295, 28.73926 ], [ 83.97302, 28.7394 ], [ 83.97317, 28.73959 ], [ 83.97348, 28.73978 ], [ 83.97349, 28.73985 ], [ 83.9734, 28.74006 ], [ 83.97336, 28.74076 ], [ 83.9732, 28.74101 ], [ 83.97312, 28.7412 ], [ 83.9725, 28.74226 ], [ 83.97234, 28.74273 ], [ 83.97232, 28.74272 ], [ 83.97231, 28.74279 ], [ 83.97211, 28.74311 ], [ 83.97208, 28.74336 ], [ 83.9718, 28.74404 ], [ 83.97152, 28.74427 ], [ 83.97133, 28.74449 ], [ 83.97109, 28.74463 ], [ 83.97102, 28.74494 ], [ 83.97111, 28.74542 ], [ 83.97125, 28.7459 ], [ 83.97124, 28.74597 ], [ 83.97127, 28.74613 ], [ 83.97125, 28.74647 ], [ 83.9712, 28.74661 ], [ 83.97131, 28.74685 ], [ 83.9713, 28.74695 ], [ 83.97133, 28.74706 ], [ 83.97129, 28.74731 ], [ 83.97119, 28.74746 ], [ 83.97124, 28.74766 ], [ 83.97123, 28.74783 ], [ 83.9711, 28.74795 ], [ 83.97102, 28.74807 ], [ 83.97091, 28.74813 ], [ 83.97079, 28.74841 ], [ 83.97076, 28.74857 ], [ 83.97069, 28.74868 ], [ 83.97069, 28.74878 ], [ 83.97064, 28.74888 ], [ 83.9706, 28.74916 ], [ 83.97052, 28.74919 ], [ 83.97034, 28.74941 ], [ 83.97019, 28.74977 ], [ 83.97007, 28.74995 ], [ 83.96993, 28.75036 ], [ 83.96962, 28.75086 ], [ 83.96961, 28.751 ], [ 83.96959, 28.75099 ], [ 83.9696, 28.75102 ], [ 83.9695, 28.75123 ], [ 83.96943, 28.75158 ], [ 83.96946, 28.75204 ], [ 83.96965, 28.75228 ], [ 83.96982, 28.75244 ], [ 83.96979, 28.75243 ], [ 83.96985, 28.75252 ], [ 83.96985, 28.75277 ], [ 83.96968, 28.75315 ], [ 83.9697, 28.75341 ], [ 83.96964, 28.75379 ], [ 83.96953, 28.75391 ], [ 83.96947, 28.75407 ], [ 83.96943, 28.75425 ], [ 83.96933, 28.75449 ], [ 83.96931, 28.75467 ], [ 83.96916, 28.75491 ], [ 83.96913, 28.7549 ], [ 83.96917, 28.7549 ], [ 83.96916, 28.755 ], [ 83.96895, 28.75532 ], [ 83.96875, 28.75581 ], [ 83.96852, 28.75605 ], [ 83.96835, 28.75653 ], [ 83.96831, 28.75656 ], [ 83.96829, 28.75667 ], [ 83.96822, 28.75679 ], [ 83.9682, 28.7569 ], [ 83.96825, 28.75714 ], [ 83.96825, 28.75725 ], [ 83.96815, 28.75784 ], [ 83.96818, 28.75793 ], [ 83.96814, 28.75812 ], [ 83.96819, 28.75863 ], [ 83.96804, 28.7593 ], [ 83.96814, 28.75958 ], [ 83.96808, 28.75993 ], [ 83.96822, 28.76032 ], [ 83.96823, 28.76039 ], [ 83.96815, 28.76051 ], [ 83.96812, 28.76063 ], [ 83.96814, 28.76072 ], [ 83.96807, 28.7609 ], [ 83.96791, 28.76096 ], [ 83.96792, 28.76098 ], [ 83.96771, 28.76117 ], [ 83.96702, 28.76206 ], [ 83.96679, 28.76245 ], [ 83.96677, 28.76261 ], [ 83.96682, 28.76277 ], [ 83.96675, 28.76283 ], [ 83.96676, 28.76297 ], [ 83.96666, 28.76295 ], [ 83.96649, 28.76301 ], [ 83.96654, 28.763 ], [ 83.96647, 28.76297 ], [ 83.9665, 28.76302 ], [ 83.96649, 28.7631 ], [ 83.96628, 28.76303 ], [ 83.96621, 28.76297 ], [ 83.96619, 28.76299 ], [ 83.96615, 28.76294 ], [ 83.96603, 28.76293 ], [ 83.96598, 28.76287 ], [ 83.9659, 28.76284 ], [ 83.96593, 28.76299 ], [ 83.96601, 28.7631 ], [ 83.96604, 28.76337 ], [ 83.96601, 28.76345 ], [ 83.96595, 28.76347 ], [ 83.96595, 28.76352 ], [ 83.9659, 28.76357 ], [ 83.96589, 28.76401 ], [ 83.96587, 28.76405 ], [ 83.96585, 28.76405 ], [ 83.96589, 28.76408 ], [ 83.9659, 28.76413 ], [ 83.96602, 28.7642 ], [ 83.96605, 28.76424 ], [ 83.96599, 28.76435 ], [ 83.96594, 28.76436 ], [ 83.96593, 28.7643 ], [ 83.96598, 28.76434 ], [ 83.96611, 28.76472 ], [ 83.96615, 28.76507 ], [ 83.96624, 28.76516 ], [ 83.96627, 28.76527 ], [ 83.96622, 28.76537 ], [ 83.96605, 28.76548 ], [ 83.96605, 28.76553 ], [ 83.96612, 28.7656 ], [ 83.96635, 28.76568 ], [ 83.96644, 28.76576 ], [ 83.96658, 28.76598 ], [ 83.96661, 28.76615 ], [ 83.96675, 28.76632 ], [ 83.96689, 28.76658 ], [ 83.96714, 28.76686 ], [ 83.9673, 28.76698 ], [ 83.96744, 28.76713 ], [ 83.96747, 28.7676 ], [ 83.96787, 28.76804 ], [ 83.96789, 28.76815 ], [ 83.96801, 28.76829 ], [ 83.96803, 28.76835 ], [ 83.96816, 28.76842 ], [ 83.96833, 28.76864 ], [ 83.96836, 28.76872 ], [ 83.96833, 28.76888 ], [ 83.96838, 28.76905 ], [ 83.96866, 28.76936 ], [ 83.96875, 28.76964 ], [ 83.96872, 28.76977 ], [ 83.96878, 28.76995 ], [ 83.96884, 28.77003 ], [ 83.96884, 28.7701 ], [ 83.9688, 28.77014 ], [ 83.96888, 28.77027 ], [ 83.96886, 28.7703 ], [ 83.96889, 28.77039 ], [ 83.96888, 28.77038 ], [ 83.96898, 28.77048 ], [ 83.96901, 28.77057 ], [ 83.96915, 28.77068 ], [ 83.96926, 28.77094 ], [ 83.96941, 28.77105 ], [ 83.96943, 28.77116 ], [ 83.96958, 28.77128 ], [ 83.9696, 28.77133 ], [ 83.96974, 28.77147 ], [ 83.96996, 28.7716 ], [ 83.97016, 28.7718 ], [ 83.97018, 28.77184 ], [ 83.9706, 28.77218 ], [ 83.97069, 28.77233 ], [ 83.97073, 28.77253 ], [ 83.97079, 28.77265 ], [ 83.97083, 28.77287 ], [ 83.97098, 28.77304 ], [ 83.97099, 28.77311 ], [ 83.97094, 28.77306 ], [ 83.97102, 28.77312 ], [ 83.97112, 28.77341 ], [ 83.97108, 28.77337 ], [ 83.97112, 28.77345 ], [ 83.97112, 28.77342 ], [ 83.97126, 28.77373 ], [ 83.97133, 28.77377 ], [ 83.97134, 28.77385 ], [ 83.97133, 28.77382 ], [ 83.9713, 28.77382 ], [ 83.97141, 28.77395 ], [ 83.97146, 28.7741 ], [ 83.97143, 28.77418 ], [ 83.97147, 28.7743 ], [ 83.97166, 28.77444 ], [ 83.97185, 28.77479 ], [ 83.97195, 28.77486 ], [ 83.97205, 28.77499 ], [ 83.97208, 28.77514 ], [ 83.97223, 28.77541 ], [ 83.97229, 28.77568 ], [ 83.97234, 28.77577 ], [ 83.97233, 28.77596 ], [ 83.97236, 28.77592 ], [ 83.9723, 28.77611 ], [ 83.97234, 28.77638 ], [ 83.97265, 28.77693 ], [ 83.97261, 28.77695 ], [ 83.97255, 28.77694 ], [ 83.97254, 28.77695 ], [ 83.97258, 28.77707 ], [ 83.97257, 28.77712 ], [ 83.97276, 28.7782 ], [ 83.97277, 28.77819 ], [ 83.97265, 28.77781 ], [ 83.97258, 28.77776 ], [ 83.9725, 28.77773 ], [ 83.97245, 28.77774 ], [ 83.97241, 28.77769 ], [ 83.97229, 28.77764 ], [ 83.97228, 28.77778 ], [ 83.97225, 28.77781 ], [ 83.97226, 28.77796 ], [ 83.9722, 28.77791 ], [ 83.97221, 28.77794 ], [ 83.97224, 28.77795 ], [ 83.97227, 28.77802 ], [ 83.97224, 28.77801 ], [ 83.97215, 28.77804 ], [ 83.97213, 28.778 ], [ 83.97207, 28.77805 ], [ 83.97206, 28.77812 ], [ 83.9721, 28.77822 ], [ 83.97203, 28.77832 ], [ 83.97206, 28.7784 ], [ 83.97198, 28.77842 ], [ 83.972, 28.77848 ], [ 83.97188, 28.77841 ], [ 83.97195, 28.77854 ], [ 83.97189, 28.77863 ], [ 83.97173, 28.77862 ], [ 83.97172, 28.77868 ], [ 83.97165, 28.7786 ], [ 83.97158, 28.77863 ], [ 83.97153, 28.77872 ], [ 83.97148, 28.77874 ], [ 83.97144, 28.77873 ], [ 83.9714, 28.77885 ], [ 83.97142, 28.77894 ], [ 83.97138, 28.77905 ], [ 83.97126, 28.77901 ], [ 83.97125, 28.77912 ], [ 83.97114, 28.77909 ], [ 83.97109, 28.77922 ], [ 83.97093, 28.77915 ], [ 83.97092, 28.77929 ], [ 83.97087, 28.77932 ], [ 83.97087, 28.77927 ], [ 83.97082, 28.77926 ], [ 83.97083, 28.7793 ], [ 83.97079, 28.7793 ], [ 83.97063, 28.77922 ], [ 83.97065, 28.7793 ], [ 83.97062, 28.77939 ], [ 83.97064, 28.7795 ], [ 83.97053, 28.77948 ], [ 83.97055, 28.77953 ], [ 83.97052, 28.77957 ], [ 83.97037, 28.77951 ], [ 83.97039, 28.77955 ], [ 83.97035, 28.77962 ], [ 83.97033, 28.77974 ], [ 83.97035, 28.77985 ], [ 83.97022, 28.7798 ], [ 83.97021, 28.77988 ], [ 83.97024, 28.77992 ], [ 83.97021, 28.77995 ], [ 83.97008, 28.77989 ], [ 83.97011, 28.77995 ], [ 83.97007, 28.77999 ], [ 83.96998, 28.77999 ], [ 83.96988, 28.77994 ], [ 83.96987, 28.77996 ], [ 83.96995, 28.78006 ], [ 83.96994, 28.78007 ], [ 83.96984, 28.78008 ], [ 83.9697, 28.78005 ], [ 83.96967, 28.78001 ], [ 83.9697, 28.78001 ], [ 83.96953, 28.78 ], [ 83.9695, 28.77996 ], [ 83.96946, 28.78 ], [ 83.9693, 28.77992 ], [ 83.96932, 28.77997 ], [ 83.96938, 28.78 ], [ 83.96936, 28.78003 ], [ 83.96929, 28.78005 ], [ 83.96923, 28.78004 ], [ 83.96925, 28.78001 ], [ 83.96914, 28.78004 ], [ 83.96907, 28.78 ], [ 83.96907, 28.77998 ], [ 83.96894, 28.77997 ], [ 83.969, 28.78001 ], [ 83.96899, 28.78004 ], [ 83.96867, 28.78001 ], [ 83.96866, 28.77998 ], [ 83.9686, 28.77998 ], [ 83.96867, 28.78002 ], [ 83.96868, 28.78005 ], [ 83.96833, 28.78004 ], [ 83.96842, 28.78005 ], [ 83.96848, 28.78011 ], [ 83.96845, 28.78013 ], [ 83.96836, 28.78014 ], [ 83.96836, 28.78012 ], [ 83.96817, 28.78006 ], [ 83.96826, 28.78011 ], [ 83.96823, 28.78016 ], [ 83.96812, 28.78013 ], [ 83.96806, 28.78017 ], [ 83.968, 28.78017 ], [ 83.96812, 28.78021 ], [ 83.96813, 28.78023 ], [ 83.96807, 28.78031 ], [ 83.96802, 28.78031 ], [ 83.96783, 28.78041 ], [ 83.9677, 28.78044 ], [ 83.96775, 28.78052 ], [ 83.96774, 28.78055 ], [ 83.96765, 28.78059 ], [ 83.96771, 28.78062 ], [ 83.96772, 28.78061 ], [ 83.9677, 28.78062 ], [ 83.96773, 28.78066 ], [ 83.96772, 28.78073 ], [ 83.96767, 28.78076 ], [ 83.96756, 28.78075 ], [ 83.96752, 28.78079 ], [ 83.96753, 28.78082 ], [ 83.96762, 28.78085 ], [ 83.9676, 28.78086 ], [ 83.96762, 28.78086 ], [ 83.96763, 28.78093 ], [ 83.96768, 28.78096 ], [ 83.96765, 28.78096 ], [ 83.96767, 28.78098 ], [ 83.96767, 28.78108 ], [ 83.96766, 28.78117 ], [ 83.96763, 28.78116 ], [ 83.96765, 28.78121 ], [ 83.96761, 28.78132 ], [ 83.96754, 28.78139 ], [ 83.96756, 28.78143 ], [ 83.96752, 28.78171 ], [ 83.96744, 28.78185 ], [ 83.96744, 28.78206 ], [ 83.96739, 28.78219 ], [ 83.9674, 28.78236 ], [ 83.96745, 28.78251 ], [ 83.96746, 28.78269 ], [ 83.96755, 28.78295 ], [ 83.96752, 28.78294 ], [ 83.96748, 28.7831 ], [ 83.96747, 28.78342 ], [ 83.96743, 28.78349 ], [ 83.96739, 28.78349 ], [ 83.96719, 28.78365 ], [ 83.96711, 28.78368 ], [ 83.96691, 28.78366 ], [ 83.96679, 28.78367 ], [ 83.96645, 28.78381 ], [ 83.96641, 28.78385 ], [ 83.96639, 28.78394 ], [ 83.9663, 28.78393 ], [ 83.96638, 28.78399 ], [ 83.96654, 28.78407 ], [ 83.96653, 28.78406 ], [ 83.96651, 28.78444 ], [ 83.96643, 28.78453 ], [ 83.96619, 28.78463 ], [ 83.96603, 28.78469 ], [ 83.96598, 28.78467 ], [ 83.96592, 28.7848 ], [ 83.96589, 28.78475 ], [ 83.96591, 28.78473 ], [ 83.96584, 28.78466 ], [ 83.96581, 28.78495 ], [ 83.96586, 28.78505 ], [ 83.96586, 28.78515 ], [ 83.96589, 28.78524 ], [ 83.96588, 28.7854 ], [ 83.96583, 28.7854 ], [ 83.96583, 28.78533 ], [ 83.96584, 28.78536 ], [ 83.9658, 28.78533 ], [ 83.9656, 28.78529 ], [ 83.96544, 28.78531 ], [ 83.96528, 28.78528 ], [ 83.96473, 28.78535 ], [ 83.96428, 28.78533 ], [ 83.96418, 28.78536 ], [ 83.96404, 28.78545 ], [ 83.96365, 28.78553 ], [ 83.96331, 28.78566 ], [ 83.96305, 28.78573 ], [ 83.96284, 28.78566 ], [ 83.96265, 28.78567 ], [ 83.96257, 28.78563 ], [ 83.96257, 28.78559 ], [ 83.96247, 28.78561 ], [ 83.96214, 28.78551 ], [ 83.96206, 28.78545 ], [ 83.96175, 28.78537 ], [ 83.96136, 28.78536 ], [ 83.96129, 28.78526 ], [ 83.96127, 28.78531 ], [ 83.96109, 28.78547 ], [ 83.96121, 28.78566 ], [ 83.9612, 28.78597 ], [ 83.96122, 28.78612 ], [ 83.96119, 28.78617 ], [ 83.96123, 28.78619 ], [ 83.96127, 28.78632 ], [ 83.96158, 28.78668 ], [ 83.96158, 28.78673 ], [ 83.96105, 28.78675 ], [ 83.96063, 28.78666 ], [ 83.96011, 28.78661 ], [ 83.95952, 28.7864 ], [ 83.95942, 28.78642 ], [ 83.95937, 28.78649 ], [ 83.95937, 28.78662 ], [ 83.9593, 28.78679 ], [ 83.95902, 28.78689 ], [ 83.95892, 28.787 ], [ 83.95875, 28.78704 ], [ 83.95856, 28.78702 ], [ 83.95845, 28.78706 ], [ 83.95833, 28.78704 ], [ 83.95744, 28.78728 ], [ 83.95732, 28.78726 ], [ 83.95721, 28.78729 ], [ 83.957, 28.78727 ], [ 83.9568, 28.78715 ], [ 83.95678, 28.78717 ], [ 83.95666, 28.78711 ], [ 83.95667, 28.78714 ], [ 83.95655, 28.78721 ], [ 83.95629, 28.78726 ], [ 83.95615, 28.78723 ], [ 83.95583, 28.78723 ], [ 83.95564, 28.78725 ], [ 83.95552, 28.78723 ], [ 83.95542, 28.78728 ], [ 83.9553, 28.78728 ], [ 83.95485, 28.78727 ], [ 83.95456, 28.78719 ], [ 83.9545, 28.78713 ], [ 83.95443, 28.78713 ], [ 83.95445, 28.78713 ], [ 83.95444, 28.78722 ], [ 83.95436, 28.78733 ], [ 83.95377, 28.7877 ], [ 83.95341, 28.78786 ], [ 83.95314, 28.78773 ], [ 83.95282, 28.78747 ], [ 83.95253, 28.78731 ], [ 83.95227, 28.78727 ], [ 83.95228, 28.78729 ], [ 83.95217, 28.78729 ], [ 83.95193, 28.78723 ], [ 83.95179, 28.78728 ], [ 83.95147, 28.78729 ], [ 83.95143, 28.78732 ], [ 83.95147, 28.78736 ], [ 83.95142, 28.78741 ], [ 83.95144, 28.78751 ], [ 83.95146, 28.78745 ], [ 83.95142, 28.78752 ], [ 83.95134, 28.78787 ], [ 83.9513, 28.78828 ], [ 83.95137, 28.78848 ], [ 83.95125, 28.7887 ], [ 83.95124, 28.78881 ], [ 83.95126, 28.7889 ], [ 83.95125, 28.78894 ], [ 83.95118, 28.78898 ], [ 83.95112, 28.78893 ], [ 83.95088, 28.78895 ], [ 83.95088, 28.78898 ], [ 83.95092, 28.78901 ], [ 83.95085, 28.78902 ], [ 83.95089, 28.78906 ], [ 83.95082, 28.78907 ], [ 83.95078, 28.7892 ], [ 83.95066, 28.78923 ], [ 83.95053, 28.78931 ], [ 83.95043, 28.78928 ], [ 83.95033, 28.7893 ], [ 83.95028, 28.78928 ], [ 83.95014, 28.78933 ], [ 83.95007, 28.78934 ], [ 83.94996, 28.78939 ], [ 83.94978, 28.78944 ], [ 83.94971, 28.78952 ], [ 83.94962, 28.78952 ], [ 83.94952, 28.7896 ], [ 83.94943, 28.78962 ], [ 83.94915, 28.7896 ], [ 83.94896, 28.78978 ], [ 83.94883, 28.78974 ], [ 83.94863, 28.78974 ], [ 83.94837, 28.78986 ], [ 83.94829, 28.78987 ], [ 83.94825, 28.7899 ], [ 83.94816, 28.7899 ], [ 83.94796, 28.79005 ], [ 83.94786, 28.79008 ], [ 83.94765, 28.7903 ], [ 83.94759, 28.7903 ], [ 83.94754, 28.79025 ], [ 83.94748, 28.79028 ], [ 83.94741, 28.79026 ], [ 83.94748, 28.79029 ], [ 83.94744, 28.79028 ], [ 83.94745, 28.79027 ], [ 83.94747, 28.79028 ], [ 83.94735, 28.79037 ], [ 83.94723, 28.79039 ], [ 83.94712, 28.79043 ], [ 83.9471, 28.79046 ], [ 83.94693, 28.79043 ], [ 83.9468, 28.79045 ], [ 83.94676, 28.79049 ], [ 83.94646, 28.79058 ], [ 83.94622, 28.7906 ], [ 83.94594, 28.79056 ], [ 83.94581, 28.79063 ], [ 83.94546, 28.79074 ], [ 83.94526, 28.79088 ], [ 83.94496, 28.79092 ], [ 83.94483, 28.79089 ], [ 83.94458, 28.79092 ], [ 83.94423, 28.79115 ], [ 83.94416, 28.79129 ], [ 83.94404, 28.7913 ], [ 83.944, 28.79136 ], [ 83.94372, 28.79146 ], [ 83.94362, 28.79157 ], [ 83.94344, 28.79169 ], [ 83.94337, 28.79166 ], [ 83.94327, 28.79167 ], [ 83.94294, 28.79162 ], [ 83.94265, 28.79145 ], [ 83.94251, 28.79145 ], [ 83.94233, 28.79141 ], [ 83.94221, 28.79144 ], [ 83.94198, 28.79156 ], [ 83.94166, 28.79191 ], [ 83.94159, 28.79206 ], [ 83.94125, 28.79252 ], [ 83.94123, 28.79275 ], [ 83.94112, 28.79287 ], [ 83.94091, 28.7929 ], [ 83.94066, 28.79299 ], [ 83.94049, 28.79315 ], [ 83.94023, 28.79329 ], [ 83.94004, 28.79341 ], [ 83.93956, 28.79358 ], [ 83.93921, 28.79361 ], [ 83.93897, 28.79355 ], [ 83.9389, 28.79349 ], [ 83.93891, 28.79352 ], [ 83.93886, 28.79352 ], [ 83.93871, 28.7935 ], [ 83.93866, 28.79351 ], [ 83.93861, 28.79356 ], [ 83.93858, 28.79367 ], [ 83.93856, 28.79366 ], [ 83.93854, 28.79369 ], [ 83.93843, 28.794 ], [ 83.93827, 28.79423 ], [ 83.93803, 28.79437 ], [ 83.93765, 28.79447 ], [ 83.93747, 28.79464 ], [ 83.93714, 28.79477 ], [ 83.93686, 28.79497 ], [ 83.93635, 28.79524 ], [ 83.93613, 28.79521 ], [ 83.93604, 28.79523 ], [ 83.93593, 28.7952 ], [ 83.93571, 28.79524 ], [ 83.93548, 28.79519 ], [ 83.93533, 28.79519 ], [ 83.935, 28.79529 ], [ 83.93481, 28.7953 ], [ 83.9346, 28.7954 ], [ 83.93448, 28.79539 ], [ 83.9343, 28.79547 ], [ 83.93401, 28.79555 ], [ 83.93393, 28.79553 ], [ 83.93366, 28.79562 ], [ 83.93337, 28.79561 ], [ 83.93327, 28.79567 ], [ 83.93315, 28.79558 ], [ 83.93315, 28.79554 ], [ 83.93298, 28.79555 ], [ 83.93294, 28.79553 ], [ 83.9328, 28.79557 ], [ 83.93273, 28.79563 ], [ 83.93263, 28.79557 ], [ 83.93258, 28.79549 ], [ 83.93228, 28.79546 ], [ 83.93211, 28.79547 ], [ 83.93205, 28.79551 ], [ 83.93208, 28.79543 ], [ 83.93206, 28.79542 ], [ 83.9315, 28.79547 ], [ 83.93151, 28.79545 ], [ 83.93129, 28.79545 ], [ 83.93086, 28.79539 ], [ 83.93065, 28.79544 ], [ 83.93034, 28.79555 ], [ 83.93014, 28.79591 ], [ 83.93, 28.79598 ], [ 83.92997, 28.79608 ], [ 83.92998, 28.79619 ], [ 83.92992, 28.79631 ], [ 83.92997, 28.79641 ], [ 83.92996, 28.79653 ], [ 83.92983, 28.79664 ], [ 83.92991, 28.79705 ], [ 83.92979, 28.79726 ], [ 83.92967, 28.79733 ], [ 83.92954, 28.79732 ], [ 83.92934, 28.79722 ], [ 83.92925, 28.79728 ], [ 83.92914, 28.79722 ], [ 83.92916, 28.79722 ], [ 83.92915, 28.7972 ], [ 83.92915, 28.79723 ], [ 83.92905, 28.79722 ], [ 83.92878, 28.79713 ], [ 83.9286, 28.7971 ], [ 83.92827, 28.7971 ], [ 83.92814, 28.79713 ], [ 83.92799, 28.79726 ], [ 83.9278, 28.79727 ], [ 83.92774, 28.79734 ], [ 83.92748, 28.79735 ], [ 83.92706, 28.79742 ], [ 83.92679, 28.79743 ], [ 83.92657, 28.79758 ], [ 83.92609, 28.79779 ], [ 83.92596, 28.79774 ], [ 83.92591, 28.79777 ], [ 83.92575, 28.79774 ], [ 83.92556, 28.79777 ], [ 83.92509, 28.79796 ], [ 83.92491, 28.798 ], [ 83.92451, 28.79795 ], [ 83.9242, 28.79786 ], [ 83.92408, 28.79793 ], [ 83.92394, 28.79809 ], [ 83.92391, 28.79816 ], [ 83.92387, 28.79818 ], [ 83.92351, 28.7981 ], [ 83.92349, 28.79827 ], [ 83.92345, 28.79835 ], [ 83.92338, 28.79837 ], [ 83.92336, 28.7985 ], [ 83.92332, 28.79855 ], [ 83.9232, 28.79859 ], [ 83.92305, 28.79875 ], [ 83.92299, 28.79878 ], [ 83.92273, 28.79887 ], [ 83.92259, 28.79885 ], [ 83.9225, 28.79894 ], [ 83.92231, 28.79896 ], [ 83.92224, 28.799 ], [ 83.92212, 28.799 ], [ 83.92204, 28.79907 ], [ 83.92184, 28.79913 ], [ 83.92175, 28.7992 ], [ 83.92167, 28.7992 ], [ 83.92157, 28.79916 ], [ 83.9214, 28.79917 ], [ 83.92132, 28.79914 ], [ 83.92116, 28.79916 ], [ 83.92103, 28.79925 ], [ 83.92073, 28.79932 ], [ 83.92056, 28.79943 ], [ 83.92027, 28.79946 ], [ 83.92008, 28.79956 ], [ 83.91992, 28.79961 ], [ 83.91967, 28.79974 ], [ 83.91953, 28.79987 ], [ 83.91943, 28.79991 ], [ 83.91937, 28.79997 ], [ 83.91928, 28.8 ], [ 83.91918, 28.80014 ], [ 83.91897, 28.80026 ], [ 83.91892, 28.80034 ], [ 83.91876, 28.80044 ], [ 83.91857, 28.80048 ], [ 83.91847, 28.80053 ], [ 83.91836, 28.80052 ], [ 83.91823, 28.80064 ], [ 83.91814, 28.8008 ], [ 83.91799, 28.80083 ], [ 83.91796, 28.8009 ], [ 83.91762, 28.80092 ], [ 83.91753, 28.80096 ], [ 83.91748, 28.80105 ], [ 83.91732, 28.80116 ], [ 83.9172, 28.80117 ], [ 83.91704, 28.80125 ], [ 83.91674, 28.80127 ], [ 83.91667, 28.80129 ], [ 83.91655, 28.80142 ], [ 83.91641, 28.80146 ], [ 83.91638, 28.80153 ], [ 83.91621, 28.80162 ], [ 83.91604, 28.80177 ], [ 83.91587, 28.80201 ], [ 83.91569, 28.80211 ], [ 83.91556, 28.80236 ], [ 83.91535, 28.80255 ], [ 83.91529, 28.80266 ], [ 83.91517, 28.80273 ], [ 83.91501, 28.80289 ], [ 83.91494, 28.80298 ], [ 83.91494, 28.80306 ], [ 83.9146, 28.80341 ], [ 83.91443, 28.80354 ], [ 83.91437, 28.80356 ], [ 83.91435, 28.80363 ], [ 83.9143, 28.80368 ], [ 83.91414, 28.80371 ], [ 83.91401, 28.80386 ], [ 83.9139, 28.80405 ], [ 83.91389, 28.80411 ], [ 83.91378, 28.8042 ], [ 83.91376, 28.80424 ], [ 83.9137, 28.80424 ], [ 83.91344, 28.80437 ], [ 83.91343, 28.80448 ], [ 83.91328, 28.80455 ], [ 83.91325, 28.80461 ], [ 83.91304, 28.80466 ], [ 83.91283, 28.80487 ], [ 83.91273, 28.80489 ], [ 83.91256, 28.805 ], [ 83.91248, 28.80498 ], [ 83.91217, 28.80513 ], [ 83.91191, 28.80518 ], [ 83.91164, 28.80519 ], [ 83.91081, 28.80513 ], [ 83.91065, 28.80505 ], [ 83.91049, 28.80502 ], [ 83.91042, 28.80507 ], [ 83.91038, 28.80507 ], [ 83.91031, 28.80497 ], [ 83.91019, 28.80494 ], [ 83.91008, 28.80486 ], [ 83.9099, 28.80479 ], [ 83.90972, 28.80481 ], [ 83.90926, 28.80473 ], [ 83.90911, 28.80473 ], [ 83.90906, 28.80445 ], [ 83.90888, 28.80437 ], [ 83.90883, 28.80425 ], [ 83.90882, 28.80409 ], [ 83.90874, 28.80403 ], [ 83.90869, 28.8041 ], [ 83.90865, 28.8041 ], [ 83.90857, 28.80397 ], [ 83.90849, 28.80394 ], [ 83.90844, 28.80397 ], [ 83.90842, 28.80403 ], [ 83.90837, 28.80403 ], [ 83.90825, 28.8038 ], [ 83.9082, 28.80386 ], [ 83.90816, 28.80385 ], [ 83.90812, 28.8039 ], [ 83.90805, 28.80383 ], [ 83.90797, 28.80394 ], [ 83.90793, 28.80393 ], [ 83.90787, 28.80386 ], [ 83.90772, 28.80388 ], [ 83.90767, 28.80393 ], [ 83.90765, 28.80401 ], [ 83.90758, 28.80402 ], [ 83.90755, 28.80392 ], [ 83.90747, 28.80393 ], [ 83.90743, 28.80388 ], [ 83.90745, 28.80382 ], [ 83.90741, 28.80379 ], [ 83.90718, 28.80391 ], [ 83.90697, 28.80398 ], [ 83.90668, 28.80415 ], [ 83.90665, 28.8042 ], [ 83.90654, 28.80421 ], [ 83.90646, 28.80438 ], [ 83.90641, 28.8044 ], [ 83.90643, 28.80439 ], [ 83.9064, 28.80444 ], [ 83.90632, 28.80449 ], [ 83.90613, 28.80472 ], [ 83.90599, 28.80482 ], [ 83.90577, 28.80503 ], [ 83.90553, 28.80518 ], [ 83.90529, 28.80527 ], [ 83.90505, 28.80542 ], [ 83.9049, 28.80544 ], [ 83.90475, 28.80553 ], [ 83.90463, 28.80553 ], [ 83.90446, 28.80561 ], [ 83.90436, 28.8057 ], [ 83.90438, 28.80568 ], [ 83.90438, 28.80573 ], [ 83.90432, 28.80578 ], [ 83.90414, 28.80584 ], [ 83.90412, 28.8059 ], [ 83.90417, 28.80592 ], [ 83.90413, 28.80592 ], [ 83.90408, 28.80598 ], [ 83.90392, 28.80603 ], [ 83.90377, 28.80602 ], [ 83.90352, 28.80613 ], [ 83.90335, 28.80612 ], [ 83.90311, 28.80622 ], [ 83.90296, 28.80623 ], [ 83.90289, 28.80634 ], [ 83.90289, 28.80645 ], [ 83.90283, 28.8065 ], [ 83.90277, 28.80652 ], [ 83.90271, 28.80642 ], [ 83.90252, 28.80653 ], [ 83.90242, 28.80644 ], [ 83.90237, 28.80643 ], [ 83.90237, 28.80652 ], [ 83.9022, 28.80644 ], [ 83.90217, 28.80645 ], [ 83.90217, 28.80654 ], [ 83.90201, 28.8065 ], [ 83.90185, 28.8064 ], [ 83.90173, 28.80642 ], [ 83.90168, 28.80649 ], [ 83.90147, 28.80654 ], [ 83.90147, 28.8066 ], [ 83.90141, 28.80666 ], [ 83.90135, 28.80667 ], [ 83.9011, 28.80682 ], [ 83.90097, 28.80681 ], [ 83.90066, 28.80689 ], [ 83.90052, 28.80689 ], [ 83.90026, 28.80697 ], [ 83.90017, 28.80703 ], [ 83.90014, 28.80699 ], [ 83.90003, 28.80712 ], [ 83.89999, 28.8071 ], [ 83.89997, 28.80718 ], [ 83.89993, 28.80716 ], [ 83.89985, 28.80727 ], [ 83.89977, 28.80719 ], [ 83.89972, 28.80731 ], [ 83.89958, 28.80747 ], [ 83.89956, 28.80741 ], [ 83.89947, 28.80749 ], [ 83.8994, 28.80741 ], [ 83.89935, 28.80753 ], [ 83.8993, 28.80748 ], [ 83.89928, 28.80757 ], [ 83.89923, 28.80754 ], [ 83.89919, 28.80761 ], [ 83.89913, 28.80757 ], [ 83.89908, 28.80774 ], [ 83.89903, 28.80772 ], [ 83.89896, 28.80756 ], [ 83.89875, 28.80742 ], [ 83.89868, 28.80741 ], [ 83.89869, 28.80746 ], [ 83.89874, 28.8075 ], [ 83.8988, 28.80761 ], [ 83.89881, 28.80773 ], [ 83.8987, 28.80791 ], [ 83.89865, 28.80794 ], [ 83.89862, 28.80792 ], [ 83.89857, 28.80797 ], [ 83.89854, 28.80797 ], [ 83.89852, 28.80792 ], [ 83.89848, 28.80792 ], [ 83.89839, 28.80794 ], [ 83.8983, 28.808 ], [ 83.89813, 28.808 ], [ 83.89802, 28.80807 ], [ 83.89781, 28.80801 ], [ 83.89771, 28.80803 ], [ 83.89765, 28.80791 ], [ 83.89762, 28.8079 ], [ 83.89754, 28.80795 ], [ 83.89744, 28.80787 ], [ 83.89729, 28.80786 ], [ 83.89727, 28.8079 ], [ 83.89733, 28.80796 ], [ 83.89735, 28.80803 ], [ 83.8973, 28.80809 ], [ 83.89731, 28.80826 ], [ 83.8972, 28.80823 ], [ 83.89716, 28.80825 ], [ 83.89714, 28.80832 ], [ 83.89706, 28.80832 ], [ 83.89706, 28.80837 ], [ 83.89699, 28.80839 ], [ 83.89699, 28.80848 ], [ 83.89695, 28.8085 ], [ 83.89687, 28.80848 ], [ 83.89689, 28.80858 ], [ 83.89682, 28.80853 ], [ 83.8967, 28.80854 ], [ 83.89668, 28.80858 ], [ 83.8966, 28.80856 ], [ 83.8966, 28.8086 ], [ 83.89665, 28.80864 ], [ 83.89661, 28.80867 ], [ 83.89653, 28.80864 ], [ 83.89651, 28.80852 ], [ 83.89647, 28.80847 ], [ 83.8963, 28.80848 ], [ 83.89597, 28.80838 ], [ 83.89581, 28.80836 ], [ 83.89557, 28.80828 ], [ 83.89521, 28.80828 ], [ 83.89505, 28.80836 ], [ 83.89507, 28.80836 ], [ 83.8949, 28.80839 ], [ 83.89448, 28.80842 ], [ 83.89401, 28.8084 ], [ 83.89403, 28.80844 ], [ 83.89471, 28.80875 ], [ 83.89483, 28.80883 ], [ 83.89491, 28.80887 ], [ 83.89508, 28.80889 ], [ 83.89555, 28.8092 ], [ 83.89555, 28.80926 ], [ 83.89546, 28.80926 ], [ 83.89533, 28.80921 ], [ 83.895, 28.80917 ], [ 83.89476, 28.8092 ], [ 83.89432, 28.8092 ], [ 83.89393, 28.80927 ], [ 83.89372, 28.80929 ], [ 83.89358, 28.80928 ], [ 83.89331, 28.8092 ], [ 83.89327, 28.80922 ], [ 83.89329, 28.80928 ], [ 83.89335, 28.80933 ], [ 83.89353, 28.80942 ], [ 83.89368, 28.80955 ], [ 83.89415, 28.80984 ], [ 83.89443, 28.81004 ], [ 83.89447, 28.8101 ], [ 83.89446, 28.8102 ], [ 83.89444, 28.81023 ], [ 83.89442, 28.81022 ], [ 83.8944, 28.81023 ], [ 83.89443, 28.81027 ], [ 83.89434, 28.81023 ], [ 83.89431, 28.81037 ], [ 83.89425, 28.81033 ], [ 83.89426, 28.81039 ], [ 83.89414, 28.81037 ], [ 83.89417, 28.81045 ], [ 83.89415, 28.81055 ], [ 83.89413, 28.81052 ], [ 83.894, 28.81048 ], [ 83.89401, 28.81055 ], [ 83.89399, 28.81081 ], [ 83.89391, 28.81093 ], [ 83.89388, 28.8111 ], [ 83.89376, 28.81128 ], [ 83.89367, 28.81154 ], [ 83.89374, 28.81171 ], [ 83.8938, 28.81179 ], [ 83.894, 28.8119 ], [ 83.89408, 28.81198 ], [ 83.89412, 28.81207 ], [ 83.89409, 28.81214 ], [ 83.89407, 28.81211 ], [ 83.89406, 28.81213 ], [ 83.89405, 28.81211 ], [ 83.89424, 28.81228 ], [ 83.89395, 28.81213 ], [ 83.89396, 28.81211 ], [ 83.89392, 28.81208 ], [ 83.89397, 28.8122 ], [ 83.89396, 28.81219 ], [ 83.89395, 28.81231 ], [ 83.89397, 28.81233 ], [ 83.89403, 28.81231 ], [ 83.89405, 28.81233 ], [ 83.89402, 28.81243 ], [ 83.89398, 28.81247 ], [ 83.89372, 28.81255 ], [ 83.89327, 28.81246 ], [ 83.89327, 28.81243 ], [ 83.89328, 28.81245 ], [ 83.89308, 28.81242 ], [ 83.89299, 28.8125 ], [ 83.89291, 28.81252 ], [ 83.89282, 28.81246 ], [ 83.89269, 28.81246 ], [ 83.89259, 28.81249 ], [ 83.89254, 28.81247 ], [ 83.89252, 28.81251 ], [ 83.89239, 28.81247 ], [ 83.89225, 28.8125 ], [ 83.89224, 28.81254 ], [ 83.89209, 28.81255 ], [ 83.89191, 28.81252 ], [ 83.89171, 28.81255 ], [ 83.89164, 28.8125 ], [ 83.8915, 28.81249 ], [ 83.8914, 28.8126 ], [ 83.89136, 28.81257 ], [ 83.89136, 28.81252 ], [ 83.89127, 28.81251 ], [ 83.89111, 28.81268 ], [ 83.89105, 28.81265 ], [ 83.89092, 28.8128 ], [ 83.89064, 28.81285 ], [ 83.89053, 28.81294 ], [ 83.89043, 28.81298 ], [ 83.89029, 28.813 ], [ 83.89004, 28.8129 ], [ 83.8899, 28.81305 ], [ 83.88969, 28.81316 ], [ 83.88944, 28.81311 ], [ 83.8892, 28.81314 ], [ 83.88901, 28.8132 ], [ 83.88898, 28.81327 ], [ 83.88838, 28.81354 ], [ 83.88821, 28.81358 ], [ 83.88811, 28.81354 ], [ 83.88777, 28.81354 ], [ 83.88757, 28.81362 ], [ 83.88745, 28.81363 ], [ 83.88732, 28.81358 ], [ 83.88716, 28.81367 ], [ 83.88695, 28.81373 ], [ 83.88687, 28.81371 ], [ 83.88657, 28.81374 ], [ 83.88622, 28.814 ], [ 83.886, 28.814 ], [ 83.88579, 28.81404 ], [ 83.88566, 28.81401 ], [ 83.88553, 28.81403 ], [ 83.8854, 28.81409 ], [ 83.88523, 28.8141 ], [ 83.88505, 28.81418 ], [ 83.8849, 28.81422 ], [ 83.88467, 28.81423 ], [ 83.88452, 28.81426 ], [ 83.8843, 28.81423 ], [ 83.88415, 28.81426 ], [ 83.88404, 28.81424 ], [ 83.88388, 28.81434 ], [ 83.88344, 28.81436 ], [ 83.88325, 28.81445 ], [ 83.88296, 28.81447 ], [ 83.88273, 28.81452 ], [ 83.88259, 28.81458 ], [ 83.88238, 28.81459 ], [ 83.88214, 28.81467 ], [ 83.88202, 28.81466 ], [ 83.88178, 28.81469 ], [ 83.88173, 28.81463 ], [ 83.88172, 28.81458 ], [ 83.88162, 28.81454 ], [ 83.88152, 28.81458 ], [ 83.88104, 28.81486 ], [ 83.88088, 28.81491 ], [ 83.88068, 28.81502 ], [ 83.88059, 28.81509 ], [ 83.88058, 28.81521 ], [ 83.88051, 28.81533 ], [ 83.88046, 28.81536 ], [ 83.88039, 28.81557 ], [ 83.88024, 28.81571 ], [ 83.88016, 28.81576 ], [ 83.88004, 28.81578 ], [ 83.87994, 28.81587 ], [ 83.87982, 28.81593 ], [ 83.87951, 28.81599 ], [ 83.87898, 28.81619 ], [ 83.87882, 28.81632 ], [ 83.87879, 28.81639 ], [ 83.87875, 28.81642 ], [ 83.8787, 28.81638 ], [ 83.87773, 28.81596 ], [ 83.87776, 28.81594 ], [ 83.87772, 28.81592 ], [ 83.87765, 28.81594 ], [ 83.87755, 28.81603 ], [ 83.87742, 28.81603 ], [ 83.87725, 28.81609 ], [ 83.87716, 28.81609 ], [ 83.87707, 28.81617 ], [ 83.87668, 28.81636 ], [ 83.87656, 28.81651 ], [ 83.87651, 28.81662 ], [ 83.87637, 28.81667 ], [ 83.87626, 28.81681 ], [ 83.87603, 28.81693 ], [ 83.87593, 28.81704 ], [ 83.87528, 28.81733 ], [ 83.87521, 28.81751 ], [ 83.87515, 28.8176 ], [ 83.875, 28.81772 ], [ 83.87492, 28.81774 ], [ 83.87483, 28.81789 ], [ 83.87468, 28.81801 ], [ 83.8745, 28.81807 ], [ 83.8743, 28.81824 ], [ 83.87409, 28.81832 ], [ 83.87384, 28.81832 ], [ 83.87353, 28.81844 ], [ 83.87335, 28.81836 ], [ 83.87327, 28.81836 ], [ 83.8731, 28.81845 ], [ 83.87294, 28.81846 ], [ 83.87299, 28.81852 ], [ 83.873, 28.8185 ], [ 83.87291, 28.81835 ], [ 83.87293, 28.81835 ], [ 83.87287, 28.8182 ], [ 83.87277, 28.81804 ], [ 83.87265, 28.81747 ], [ 83.87265, 28.81732 ], [ 83.87261, 28.81721 ], [ 83.87258, 28.81719 ], [ 83.87254, 28.81725 ], [ 83.87229, 28.81732 ], [ 83.87224, 28.8173 ], [ 83.87223, 28.81724 ], [ 83.87219, 28.81721 ], [ 83.87201, 28.8172 ], [ 83.87195, 28.81714 ], [ 83.87196, 28.81718 ], [ 83.87187, 28.81711 ], [ 83.87182, 28.81699 ], [ 83.87175, 28.817 ], [ 83.87167, 28.81694 ], [ 83.8716, 28.81666 ], [ 83.87153, 28.81663 ], [ 83.87141, 28.81652 ], [ 83.87126, 28.81631 ], [ 83.87127, 28.81617 ], [ 83.87125, 28.81624 ], [ 83.87114, 28.81638 ], [ 83.87107, 28.81637 ], [ 83.87098, 28.81628 ], [ 83.87078, 28.81629 ], [ 83.87069, 28.81618 ], [ 83.87079, 28.8163 ], [ 83.87087, 28.81619 ], [ 83.8708, 28.81612 ], [ 83.87076, 28.81591 ], [ 83.87046, 28.81579 ], [ 83.87032, 28.81564 ], [ 83.8703, 28.81566 ], [ 83.87036, 28.8158 ], [ 83.87031, 28.81589 ], [ 83.87046, 28.81599 ], [ 83.87041, 28.81611 ], [ 83.87036, 28.81638 ], [ 83.87021, 28.8169 ], [ 83.86857, 28.81688 ], [ 83.86784, 28.81682 ], [ 83.86723, 28.8168 ], [ 83.86688, 28.81689 ], [ 83.86679, 28.81689 ], [ 83.86664, 28.81684 ], [ 83.86658, 28.81673 ], [ 83.8663, 28.81649 ], [ 83.86628, 28.81642 ], [ 83.86616, 28.81637 ], [ 83.86595, 28.81634 ], [ 83.86561, 28.81644 ], [ 83.86532, 28.81636 ], [ 83.86507, 28.81636 ], [ 83.86488, 28.81633 ], [ 83.86464, 28.81638 ], [ 83.86442, 28.81637 ], [ 83.86412, 28.81624 ], [ 83.86402, 28.81623 ], [ 83.86399, 28.81619 ], [ 83.86379, 28.81613 ], [ 83.86342, 28.8161 ], [ 83.86272, 28.81581 ], [ 83.86256, 28.81566 ], [ 83.86256, 28.8156 ], [ 83.86259, 28.81557 ], [ 83.86259, 28.81558 ], [ 83.86254, 28.81556 ], [ 83.86234, 28.81559 ], [ 83.86216, 28.81541 ], [ 83.86284, 28.8156 ], [ 83.86304, 28.81574 ], [ 83.86323, 28.81593 ], [ 83.86347, 28.81597 ], [ 83.86348, 28.81604 ], [ 83.86331, 28.81608 ], [ 83.86328, 28.81614 ], [ 83.86329, 28.81631 ], [ 83.86326, 28.81643 ], [ 83.86327, 28.81649 ], [ 83.86336, 28.81657 ], [ 83.86331, 28.81661 ], [ 83.86332, 28.81676 ], [ 83.86323, 28.81691 ], [ 83.86323, 28.81696 ], [ 83.86328, 28.81695 ], [ 83.86313, 28.81698 ], [ 83.86304, 28.81696 ], [ 83.86289, 28.81712 ], [ 83.86277, 28.81738 ], [ 83.86267, 28.81743 ], [ 83.86261, 28.81753 ], [ 83.86245, 28.81768 ], [ 83.86237, 28.81785 ], [ 83.86237, 28.8181 ], [ 83.86231, 28.81815 ], [ 83.86224, 28.81826 ], [ 83.8622, 28.81843 ], [ 83.8622, 28.81852 ], [ 83.86203, 28.81859 ], [ 83.86205, 28.81866 ], [ 83.86199, 28.8187 ], [ 83.86193, 28.81882 ], [ 83.86176, 28.81892 ], [ 83.86163, 28.81927 ], [ 83.86158, 28.81931 ], [ 83.86143, 28.81927 ], [ 83.86135, 28.81932 ], [ 83.86116, 28.81934 ], [ 83.86067, 28.81931 ], [ 83.86051, 28.81934 ], [ 83.86043, 28.81927 ], [ 83.86039, 28.8192 ], [ 83.86037, 28.81926 ], [ 83.8603, 28.81928 ], [ 83.86021, 28.81938 ], [ 83.86002, 28.81937 ], [ 83.85996, 28.81939 ], [ 83.86, 28.81936 ], [ 83.8599, 28.81957 ], [ 83.85992, 28.81962 ], [ 83.8599, 28.81975 ], [ 83.85994, 28.81981 ], [ 83.85988, 28.82001 ], [ 83.85989, 28.8202 ], [ 83.85976, 28.82049 ], [ 83.85976, 28.8206 ], [ 83.85964, 28.82075 ], [ 83.85949, 28.82084 ], [ 83.85947, 28.82091 ], [ 83.85947, 28.82121 ], [ 83.8596, 28.82132 ], [ 83.85964, 28.82148 ], [ 83.85978, 28.82153 ], [ 83.85989, 28.82172 ], [ 83.86004, 28.82186 ], [ 83.86012, 28.82189 ], [ 83.86009, 28.82201 ], [ 83.86011, 28.82211 ], [ 83.86008, 28.82216 ], [ 83.86011, 28.82224 ], [ 83.86006, 28.82232 ], [ 83.86008, 28.82231 ], [ 83.86008, 28.82238 ], [ 83.86006, 28.82236 ], [ 83.86003, 28.82239 ], [ 83.86006, 28.82247 ], [ 83.86019, 28.8226 ], [ 83.86019, 28.82274 ], [ 83.8601, 28.82283 ], [ 83.86007, 28.82291 ], [ 83.86016, 28.82309 ], [ 83.8601, 28.82322 ], [ 83.86012, 28.82326 ], [ 83.86015, 28.8233 ], [ 83.86026, 28.82334 ], [ 83.86026, 28.82339 ], [ 83.86047, 28.82339 ], [ 83.86058, 28.82342 ], [ 83.86063, 28.82347 ], [ 83.86064, 28.8236 ], [ 83.86057, 28.82369 ], [ 83.86058, 28.82373 ], [ 83.86049, 28.82383 ], [ 83.86033, 28.82393 ], [ 83.8605, 28.82451 ], [ 83.86055, 28.82475 ], [ 83.86053, 28.82478 ], [ 83.86055, 28.82478 ], [ 83.86048, 28.82487 ], [ 83.86032, 28.82476 ], [ 83.86028, 28.82476 ], [ 83.86025, 28.82481 ], [ 83.86017, 28.82479 ], [ 83.86013, 28.82483 ], [ 83.86012, 28.82489 ], [ 83.85999, 28.82495 ], [ 83.85996, 28.825 ], [ 83.85999, 28.82504 ], [ 83.85997, 28.8251 ], [ 83.85978, 28.82521 ], [ 83.85968, 28.82531 ], [ 83.85965, 28.8253 ], [ 83.85959, 28.82521 ], [ 83.85941, 28.82522 ], [ 83.85922, 28.82539 ], [ 83.85914, 28.82542 ], [ 83.85907, 28.82543 ], [ 83.85899, 28.82541 ], [ 83.8587, 28.82542 ], [ 83.8586, 28.82549 ], [ 83.85847, 28.8257 ], [ 83.85838, 28.82602 ], [ 83.85826, 28.82623 ], [ 83.85803, 28.82648 ], [ 83.85788, 28.82658 ], [ 83.85777, 28.8266 ], [ 83.85762, 28.8267 ], [ 83.85751, 28.82683 ], [ 83.85738, 28.82684 ], [ 83.85732, 28.82687 ], [ 83.85732, 28.82696 ], [ 83.85725, 28.82707 ], [ 83.85731, 28.82723 ], [ 83.85726, 28.82731 ], [ 83.85724, 28.82742 ], [ 83.85716, 28.82749 ], [ 83.85685, 28.82766 ], [ 83.85675, 28.82769 ], [ 83.85628, 28.82772 ], [ 83.85601, 28.82778 ], [ 83.85572, 28.82778 ], [ 83.8555, 28.82775 ], [ 83.85537, 28.8278 ], [ 83.85517, 28.82783 ], [ 83.85519, 28.82782 ], [ 83.85504, 28.82789 ], [ 83.85484, 28.82794 ], [ 83.85452, 28.82783 ], [ 83.8544, 28.82781 ], [ 83.85425, 28.82784 ], [ 83.8541, 28.82781 ], [ 83.85375, 28.82765 ], [ 83.85354, 28.82762 ], [ 83.85328, 28.82755 ], [ 83.85321, 28.82758 ], [ 83.85347, 28.82784 ], [ 83.85349, 28.82787 ], [ 83.85346, 28.82793 ], [ 83.85323, 28.82802 ], [ 83.85267, 28.82817 ], [ 83.85245, 28.8283 ], [ 83.85231, 28.82836 ], [ 83.852, 28.82827 ], [ 83.85153, 28.8282 ], [ 83.85105, 28.82826 ], [ 83.84993, 28.82826 ], [ 83.84981, 28.82827 ], [ 83.84955, 28.82839 ], [ 83.84923, 28.82847 ], [ 83.84892, 28.82858 ], [ 83.84862, 28.82859 ], [ 83.84815, 28.82865 ], [ 83.84759, 28.82856 ], [ 83.84717, 28.82843 ], [ 83.84697, 28.82848 ], [ 83.84699, 28.8285 ], [ 83.84681, 28.8286 ], [ 83.84646, 28.82859 ], [ 83.84621, 28.8285 ], [ 83.84606, 28.82852 ], [ 83.84593, 28.82861 ], [ 83.84567, 28.82868 ], [ 83.84553, 28.82864 ], [ 83.84527, 28.82864 ], [ 83.84473, 28.82871 ], [ 83.84459, 28.82876 ], [ 83.84443, 28.82885 ], [ 83.84394, 28.82884 ], [ 83.84383, 28.82887 ], [ 83.84355, 28.82907 ], [ 83.84346, 28.82917 ], [ 83.84332, 28.82942 ], [ 83.84331, 28.82963 ], [ 83.84319, 28.83003 ], [ 83.84311, 28.83013 ], [ 83.84302, 28.83017 ], [ 83.84256, 28.8301 ], [ 83.84194, 28.83016 ], [ 83.84176, 28.83015 ], [ 83.84145, 28.82992 ], [ 83.84085, 28.82966 ], [ 83.84018, 28.82976 ], [ 83.8399, 28.82974 ], [ 83.83976, 28.82981 ], [ 83.83963, 28.82993 ], [ 83.83961, 28.82998 ], [ 83.83964, 28.83 ], [ 83.83959, 28.82998 ], [ 83.83962, 28.83019 ], [ 83.83952, 28.83065 ], [ 83.8395, 28.83068 ], [ 83.83947, 28.83066 ], [ 83.83948, 28.83065 ], [ 83.83948, 28.8307 ], [ 83.8394, 28.83095 ], [ 83.83931, 28.83099 ], [ 83.83927, 28.83094 ], [ 83.83933, 28.83044 ], [ 83.83929, 28.83037 ], [ 83.8392, 28.83037 ], [ 83.83893, 28.83081 ], [ 83.83879, 28.83126 ], [ 83.83864, 28.83148 ], [ 83.83851, 28.83161 ], [ 83.83835, 28.8319 ], [ 83.83832, 28.83198 ], [ 83.8383, 28.83215 ], [ 83.83835, 28.83242 ], [ 83.83833, 28.83245 ], [ 83.83818, 28.83252 ], [ 83.83808, 28.83253 ], [ 83.83777, 28.83247 ], [ 83.83754, 28.83239 ], [ 83.83757, 28.83237 ], [ 83.83756, 28.83239 ], [ 83.83743, 28.83239 ], [ 83.83729, 28.83237 ], [ 83.83728, 28.83234 ], [ 83.83725, 28.83234 ], [ 83.8372, 28.8323 ], [ 83.83724, 28.83229 ], [ 83.83714, 28.83228 ], [ 83.83709, 28.83223 ], [ 83.83688, 28.83216 ], [ 83.83669, 28.83203 ], [ 83.83637, 28.83187 ], [ 83.83637, 28.83185 ], [ 83.83622, 28.83177 ], [ 83.83616, 28.83177 ], [ 83.83609, 28.8318 ], [ 83.83592, 28.83208 ], [ 83.83569, 28.83219 ], [ 83.83567, 28.83217 ], [ 83.83556, 28.83221 ], [ 83.83458, 28.83233 ], [ 83.83422, 28.83241 ], [ 83.8338, 28.83238 ], [ 83.83381, 28.8324 ], [ 83.83356, 28.8324 ], [ 83.8333, 28.83232 ], [ 83.83317, 28.83232 ], [ 83.83279, 28.83246 ], [ 83.83243, 28.83256 ], [ 83.83231, 28.83257 ], [ 83.83203, 28.8325 ], [ 83.83197, 28.8325 ], [ 83.83183, 28.83255 ], [ 83.83168, 28.83265 ], [ 83.83159, 28.83285 ], [ 83.8315, 28.83289 ], [ 83.83133, 28.83288 ], [ 83.83044, 28.83301 ], [ 83.82951, 28.83309 ], [ 83.82899, 28.83324 ], [ 83.82862, 28.83338 ], [ 83.8282, 28.83361 ], [ 83.82769, 28.83382 ], [ 83.82733, 28.83401 ], [ 83.82676, 28.83422 ], [ 83.82656, 28.83459 ], [ 83.8262, 28.83505 ], [ 83.82615, 28.83518 ], [ 83.82621, 28.83538 ], [ 83.8261, 28.83547 ], [ 83.82574, 28.83545 ], [ 83.8254, 28.83556 ], [ 83.82533, 28.83562 ], [ 83.82521, 28.83581 ], [ 83.82512, 28.83587 ], [ 83.82495, 28.83593 ], [ 83.82474, 28.83596 ], [ 83.8244, 28.83611 ], [ 83.82436, 28.83616 ], [ 83.82436, 28.83624 ], [ 83.82465, 28.83659 ], [ 83.82487, 28.83678 ], [ 83.82489, 28.83689 ], [ 83.82485, 28.83694 ], [ 83.82485, 28.83691 ], [ 83.82462, 28.83704 ], [ 83.82443, 28.83728 ], [ 83.82437, 28.83731 ], [ 83.82413, 28.83739 ], [ 83.82372, 28.83743 ], [ 83.82341, 28.8375 ], [ 83.82333, 28.83755 ], [ 83.82311, 28.83803 ], [ 83.82304, 28.83809 ], [ 83.82294, 28.83811 ], [ 83.82283, 28.8381 ], [ 83.82263, 28.838 ], [ 83.82254, 28.838 ], [ 83.82248, 28.83804 ], [ 83.82243, 28.83812 ], [ 83.82242, 28.83823 ], [ 83.82244, 28.83885 ], [ 83.82242, 28.83895 ], [ 83.82232, 28.83901 ], [ 83.82198, 28.83885 ], [ 83.82141, 28.83845 ], [ 83.82121, 28.83825 ], [ 83.82109, 28.83818 ], [ 83.82096, 28.83812 ], [ 83.82099, 28.83813 ], [ 83.82081, 28.83816 ], [ 83.82066, 28.83835 ], [ 83.82051, 28.83843 ], [ 83.81978, 28.83855 ], [ 83.81937, 28.83872 ], [ 83.81923, 28.83883 ], [ 83.81911, 28.83899 ], [ 83.81909, 28.83908 ], [ 83.81916, 28.83994 ], [ 83.81913, 28.84001 ], [ 83.819, 28.84007 ], [ 83.81837, 28.83982 ], [ 83.81793, 28.83957 ], [ 83.81756, 28.83944 ], [ 83.81698, 28.83928 ], [ 83.81685, 28.83929 ], [ 83.81665, 28.83937 ], [ 83.81587, 28.83951 ], [ 83.8152, 28.83955 ], [ 83.8151, 28.83952 ], [ 83.81466, 28.83949 ], [ 83.81436, 28.83943 ], [ 83.81325, 28.83927 ], [ 83.81092, 28.83906 ], [ 83.81052, 28.83906 ], [ 83.80978, 28.83915 ], [ 83.80954, 28.83912 ], [ 83.80865, 28.83912 ], [ 83.80853, 28.83915 ], [ 83.80851, 28.83912 ], [ 83.80823, 28.83912 ], [ 83.80817, 28.83909 ], [ 83.80816, 28.83907 ], [ 83.80813, 28.83908 ], [ 83.80804, 28.83899 ], [ 83.80787, 28.83893 ], [ 83.80778, 28.83895 ], [ 83.8077, 28.83904 ], [ 83.80759, 28.83906 ], [ 83.8075, 28.83912 ], [ 83.80713, 28.83916 ], [ 83.8064, 28.83918 ], [ 83.806, 28.83916 ], [ 83.8057, 28.83919 ], [ 83.8054, 28.83918 ], [ 83.80509, 28.8392 ], [ 83.80432, 28.83913 ], [ 83.8037, 28.83916 ], [ 83.80358, 28.83914 ], [ 83.8035, 28.83918 ], [ 83.80315, 28.83919 ], [ 83.80255, 28.83934 ], [ 83.80225, 28.83946 ], [ 83.80182, 28.83968 ], [ 83.80108, 28.8402 ], [ 83.8009, 28.84035 ], [ 83.80083, 28.84055 ], [ 83.80052, 28.841 ], [ 83.80005, 28.84148 ], [ 83.79979, 28.84186 ], [ 83.79957, 28.84203 ], [ 83.79942, 28.8421 ], [ 83.79887, 28.84213 ], [ 83.79878, 28.84218 ], [ 83.79873, 28.84229 ], [ 83.79867, 28.84234 ], [ 83.79843, 28.84246 ], [ 83.7982, 28.84247 ], [ 83.79793, 28.84252 ], [ 83.79772, 28.84252 ], [ 83.79709, 28.84263 ], [ 83.7963, 28.84272 ], [ 83.79629, 28.84276 ], [ 83.79631, 28.84274 ], [ 83.79547, 28.84285 ], [ 83.79364, 28.84295 ], [ 83.79321, 28.84293 ], [ 83.79304, 28.84288 ], [ 83.79307, 28.84288 ], [ 83.79264, 28.84263 ], [ 83.79215, 28.84228 ], [ 83.79165, 28.84184 ], [ 83.79112, 28.84158 ], [ 83.79077, 28.84136 ], [ 83.7902, 28.84113 ], [ 83.78965, 28.84084 ], [ 83.78965, 28.84086 ], [ 83.78952, 28.84083 ], [ 83.78939, 28.84075 ], [ 83.78893, 28.84057 ], [ 83.78858, 28.84053 ], [ 83.78843, 28.84056 ], [ 83.78815, 28.84061 ], [ 83.78754, 28.84081 ], [ 83.78728, 28.84082 ], [ 83.78717, 28.84085 ], [ 83.78709, 28.84088 ], [ 83.78704, 28.84095 ], [ 83.78681, 28.84093 ], [ 83.78676, 28.84086 ], [ 83.78676, 28.84081 ], [ 83.78678, 28.84082 ], [ 83.78673, 28.8408 ], [ 83.78682, 28.84073 ], [ 83.78664, 28.84067 ], [ 83.78662, 28.84063 ], [ 83.78664, 28.84058 ], [ 83.78662, 28.84057 ], [ 83.78664, 28.84048 ], [ 83.78662, 28.84051 ], [ 83.78656, 28.84051 ], [ 83.78666, 28.84037 ], [ 83.78669, 28.84024 ], [ 83.78666, 28.84022 ], [ 83.78661, 28.84024 ], [ 83.78657, 28.84022 ], [ 83.78653, 28.84015 ], [ 83.78656, 28.84012 ], [ 83.78644, 28.84006 ], [ 83.78635, 28.83985 ], [ 83.78632, 28.83966 ], [ 83.7862, 28.83965 ], [ 83.78613, 28.83971 ], [ 83.78606, 28.83983 ], [ 83.78603, 28.83986 ], [ 83.78597, 28.83985 ], [ 83.7858, 28.83972 ], [ 83.78572, 28.83961 ], [ 83.78553, 28.83953 ], [ 83.78556, 28.83951 ], [ 83.78553, 28.83951 ], [ 83.78517, 28.83919 ], [ 83.78507, 28.83915 ], [ 83.78493, 28.83903 ], [ 83.78477, 28.83897 ], [ 83.78465, 28.83882 ], [ 83.7846, 28.83855 ], [ 83.78456, 28.83849 ], [ 83.78447, 28.83817 ], [ 83.78443, 28.83813 ], [ 83.7844, 28.83815 ], [ 83.78429, 28.83814 ], [ 83.78424, 28.83807 ], [ 83.78427, 28.83801 ], [ 83.78424, 28.83798 ], [ 83.78415, 28.83792 ], [ 83.78399, 28.83792 ], [ 83.78397, 28.83787 ], [ 83.78391, 28.83785 ], [ 83.78389, 28.83774 ], [ 83.78378, 28.83773 ], [ 83.78389, 28.83772 ], [ 83.78387, 28.83777 ], [ 83.78387, 28.83774 ], [ 83.78393, 28.83766 ], [ 83.78401, 28.83766 ], [ 83.78393, 28.83769 ], [ 83.78384, 28.83749 ], [ 83.78384, 28.83743 ], [ 83.78392, 28.83736 ], [ 83.784, 28.83735 ], [ 83.78398, 28.83722 ], [ 83.78392, 28.83718 ], [ 83.78357, 28.83718 ], [ 83.7833, 28.83713 ], [ 83.78317, 28.83715 ], [ 83.78293, 28.83702 ], [ 83.78241, 28.83697 ], [ 83.78294, 28.83705 ], [ 83.78329, 28.83714 ], [ 83.78355, 28.83713 ], [ 83.78366, 28.83715 ], [ 83.78366, 28.83717 ], [ 83.78367, 28.83714 ], [ 83.78346, 28.83686 ], [ 83.78339, 28.83681 ], [ 83.78333, 28.83681 ], [ 83.78322, 28.83668 ], [ 83.78303, 28.83666 ], [ 83.78301, 28.83662 ], [ 83.78299, 28.83662 ], [ 83.78301, 28.83661 ], [ 83.78296, 28.8366 ], [ 83.78286, 28.83661 ], [ 83.78271, 28.83656 ], [ 83.78264, 28.8367 ], [ 83.78263, 28.8369 ], [ 83.78258, 28.83697 ], [ 83.78143, 28.83686 ], [ 83.78124, 28.8366 ], [ 83.78113, 28.83628 ], [ 83.78086, 28.83576 ], [ 83.78085, 28.8356 ], [ 83.78082, 28.83555 ], [ 83.78087, 28.83519 ], [ 83.78099, 28.83495 ], [ 83.78111, 28.83414 ], [ 83.78118, 28.83398 ], [ 83.78117, 28.83372 ], [ 83.78123, 28.83345 ], [ 83.78125, 28.83307 ], [ 83.78133, 28.83265 ], [ 83.78139, 28.83254 ], [ 83.78156, 28.83203 ], [ 83.78177, 28.83174 ], [ 83.78186, 28.83146 ], [ 83.7818, 28.8314 ], [ 83.7818, 28.83143 ], [ 83.78201, 28.83111 ], [ 83.7821, 28.83086 ], [ 83.78211, 28.8307 ], [ 83.78228, 28.83042 ], [ 83.78238, 28.83036 ], [ 83.78253, 28.83035 ], [ 83.78256, 28.83031 ], [ 83.78259, 28.82991 ], [ 83.78262, 28.82985 ], [ 83.78251, 28.82962 ], [ 83.78246, 28.82911 ], [ 83.78238, 28.82892 ], [ 83.78213, 28.82856 ], [ 83.78166, 28.82814 ], [ 83.7815, 28.82805 ], [ 83.78106, 28.82757 ], [ 83.78087, 28.82729 ], [ 83.78058, 28.82698 ], [ 83.78041, 28.82663 ], [ 83.78028, 28.82648 ], [ 83.77982, 28.82613 ], [ 83.77965, 28.82607 ], [ 83.77944, 28.82585 ], [ 83.77931, 28.82578 ], [ 83.77908, 28.82574 ], [ 83.77887, 28.8256 ], [ 83.779, 28.8256 ], [ 83.77904, 28.82562 ], [ 83.77906, 28.82569 ], [ 83.77911, 28.82571 ], [ 83.77893, 28.82551 ], [ 83.77892, 28.82518 ], [ 83.77895, 28.82509 ], [ 83.77913, 28.82483 ], [ 83.77932, 28.82429 ], [ 83.77939, 28.82385 ], [ 83.77945, 28.82363 ], [ 83.77945, 28.82333 ], [ 83.77934, 28.82312 ], [ 83.77892, 28.82256 ], [ 83.77886, 28.82243 ], [ 83.77863, 28.82225 ], [ 83.77864, 28.82227 ], [ 83.77825, 28.82177 ], [ 83.77783, 28.82135 ], [ 83.77729, 28.82068 ], [ 83.77649, 28.8202 ], [ 83.77585, 28.81996 ], [ 83.77566, 28.81984 ], [ 83.77533, 28.81935 ], [ 83.77491, 28.81895 ], [ 83.77458, 28.81855 ], [ 83.77429, 28.81828 ], [ 83.77367, 28.81781 ], [ 83.77304, 28.81746 ], [ 83.77307, 28.81745 ], [ 83.77289, 28.81739 ], [ 83.77268, 28.81728 ], [ 83.77237, 28.81717 ], [ 83.77212, 28.8171 ], [ 83.7719, 28.81707 ], [ 83.7717, 28.81709 ], [ 83.77142, 28.81724 ], [ 83.77135, 28.8172 ], [ 83.77129, 28.81727 ], [ 83.77115, 28.81733 ], [ 83.77089, 28.81737 ], [ 83.77006, 28.81708 ], [ 83.76952, 28.81685 ], [ 83.76931, 28.8167 ], [ 83.76907, 28.81643 ], [ 83.76903, 28.81632 ], [ 83.76911, 28.81589 ], [ 83.76929, 28.81561 ], [ 83.76959, 28.81541 ], [ 83.76971, 28.81518 ], [ 83.76972, 28.81496 ], [ 83.7697, 28.81487 ], [ 83.76974, 28.81474 ], [ 83.76951, 28.81381 ], [ 83.76947, 28.81348 ], [ 83.76959, 28.81318 ], [ 83.76963, 28.81265 ], [ 83.76954, 28.81219 ], [ 83.76913, 28.81182 ], [ 83.76909, 28.81175 ], [ 83.7691, 28.81147 ], [ 83.76905, 28.81119 ], [ 83.76884, 28.81055 ], [ 83.76872, 28.81001 ], [ 83.76868, 28.80963 ], [ 83.76846, 28.80886 ], [ 83.76814, 28.8082 ], [ 83.76765, 28.80746 ], [ 83.76745, 28.80704 ], [ 83.76744, 28.80699 ], [ 83.76746, 28.80693 ], [ 83.7673, 28.8067 ], [ 83.76726, 28.80659 ], [ 83.76717, 28.80646 ], [ 83.767, 28.80604 ], [ 83.76683, 28.80577 ], [ 83.76624, 28.80508 ], [ 83.76581, 28.80444 ], [ 83.76574, 28.80439 ], [ 83.76567, 28.8044 ], [ 83.76552, 28.80417 ], [ 83.76537, 28.80401 ], [ 83.76505, 28.80377 ], [ 83.76504, 28.80379 ], [ 83.76514, 28.80376 ], [ 83.76502, 28.80346 ], [ 83.76493, 28.80312 ], [ 83.76491, 28.80274 ], [ 83.76485, 28.80276 ], [ 83.76483, 28.8028 ], [ 83.76477, 28.80311 ], [ 83.76471, 28.80313 ], [ 83.76472, 28.8031 ], [ 83.76466, 28.80302 ], [ 83.76462, 28.80289 ], [ 83.76452, 28.80281 ], [ 83.76436, 28.8025 ], [ 83.76424, 28.80212 ], [ 83.76418, 28.80171 ], [ 83.76413, 28.80175 ], [ 83.76409, 28.80142 ], [ 83.76394, 28.80112 ], [ 83.76373, 28.80057 ], [ 83.76362, 28.80014 ], [ 83.7634, 28.79962 ], [ 83.76342, 28.79919 ], [ 83.76351, 28.79891 ], [ 83.7635, 28.79883 ], [ 83.76358, 28.79849 ], [ 83.76361, 28.79791 ], [ 83.76355, 28.79765 ], [ 83.76349, 28.79757 ], [ 83.76343, 28.79757 ], [ 83.76335, 28.7974 ], [ 83.76333, 28.79718 ], [ 83.7633, 28.79721 ], [ 83.76331, 28.79735 ], [ 83.76334, 28.79743 ], [ 83.76331, 28.79744 ], [ 83.76335, 28.79743 ], [ 83.76341, 28.79754 ], [ 83.7634, 28.79762 ], [ 83.76333, 28.79764 ], [ 83.76328, 28.79763 ], [ 83.76325, 28.79757 ], [ 83.76315, 28.79749 ], [ 83.76309, 28.79747 ], [ 83.76288, 28.79732 ], [ 83.76256, 28.7969 ], [ 83.76221, 28.79656 ], [ 83.76207, 28.79634 ], [ 83.76208, 28.79627 ], [ 83.76194, 28.79619 ], [ 83.76178, 28.79604 ], [ 83.76154, 28.79571 ], [ 83.76137, 28.79553 ], [ 83.76088, 28.79511 ], [ 83.76052, 28.79467 ], [ 83.76021, 28.7944 ], [ 83.76003, 28.79429 ], [ 83.75957, 28.79382 ], [ 83.75938, 28.79367 ], [ 83.7593, 28.79364 ], [ 83.75928, 28.79366 ], [ 83.7591, 28.79354 ], [ 83.7589, 28.79349 ], [ 83.75873, 28.7934 ], [ 83.75835, 28.79311 ], [ 83.75827, 28.79292 ], [ 83.75805, 28.79285 ], [ 83.75771, 28.79253 ], [ 83.75754, 28.79244 ], [ 83.7573, 28.7924 ], [ 83.75717, 28.79228 ], [ 83.75707, 28.79213 ], [ 83.75699, 28.79207 ], [ 83.75688, 28.79182 ], [ 83.75673, 28.79179 ], [ 83.7566, 28.79179 ], [ 83.75637, 28.79182 ], [ 83.75619, 28.79178 ], [ 83.75603, 28.79167 ], [ 83.75594, 28.79167 ], [ 83.75616, 28.79169 ], [ 83.75598, 28.79173 ], [ 83.75631, 28.79179 ], [ 83.75651, 28.79178 ], [ 83.75663, 28.79175 ], [ 83.75685, 28.79176 ], [ 83.75683, 28.79176 ], [ 83.75688, 28.79174 ], [ 83.75698, 28.79177 ], [ 83.75695, 28.79175 ], [ 83.75696, 28.79176 ], [ 83.75687, 28.79174 ], [ 83.75649, 28.79175 ], [ 83.75635, 28.79179 ], [ 83.7562, 28.79178 ], [ 83.75613, 28.79166 ], [ 83.75614, 28.79159 ], [ 83.75616, 28.79161 ], [ 83.75615, 28.79156 ], [ 83.75621, 28.79149 ], [ 83.75631, 28.79147 ], [ 83.75651, 28.79151 ], [ 83.75657, 28.79149 ], [ 83.75678, 28.79155 ], [ 83.75657, 28.79145 ], [ 83.75641, 28.79126 ], [ 83.75573, 28.79118 ], [ 83.75542, 28.79106 ], [ 83.75534, 28.79099 ], [ 83.75498, 28.79079 ], [ 83.7548, 28.79055 ], [ 83.75472, 28.79025 ], [ 83.75474, 28.79025 ], [ 83.75409, 28.78955 ], [ 83.75378, 28.78932 ], [ 83.75354, 28.78918 ], [ 83.75344, 28.78913 ], [ 83.75321, 28.78908 ], [ 83.75294, 28.78893 ], [ 83.7528, 28.78888 ], [ 83.75245, 28.78885 ], [ 83.75218, 28.78887 ], [ 83.75162, 28.78869 ], [ 83.75125, 28.78854 ], [ 83.75106, 28.78849 ], [ 83.75021, 28.78802 ], [ 83.75009, 28.78798 ], [ 83.74965, 28.78796 ], [ 83.74821, 28.78764 ], [ 83.74806, 28.78755 ], [ 83.7481, 28.78754 ], [ 83.74791, 28.78735 ], [ 83.74766, 28.78702 ], [ 83.74752, 28.78685 ], [ 83.74726, 28.78663 ], [ 83.74689, 28.78643 ], [ 83.74644, 28.78613 ], [ 83.74621, 28.78603 ], [ 83.74505, 28.78543 ], [ 83.74464, 28.78525 ], [ 83.74418, 28.78509 ], [ 83.74254, 28.78464 ], [ 83.74218, 28.78449 ], [ 83.74153, 28.78437 ], [ 83.74121, 28.78428 ], [ 83.74087, 28.78423 ], [ 83.74071, 28.78417 ], [ 83.74045, 28.78415 ], [ 83.74048, 28.78413 ], [ 83.73978, 28.78411 ], [ 83.73956, 28.78416 ], [ 83.73918, 28.78439 ], [ 83.73887, 28.78443 ], [ 83.73865, 28.78466 ], [ 83.73798, 28.7849 ], [ 83.73751, 28.785 ], [ 83.7372, 28.78499 ], [ 83.7371, 28.78502 ], [ 83.73656, 28.78503 ], [ 83.73589, 28.78511 ], [ 83.73577, 28.78503 ], [ 83.73563, 28.78498 ], [ 83.73542, 28.78501 ], [ 83.73525, 28.78499 ], [ 83.73514, 28.78494 ], [ 83.73469, 28.78484 ], [ 83.73466, 28.78483 ], [ 83.73468, 28.78482 ], [ 83.73454, 28.78478 ], [ 83.7343, 28.78512 ], [ 83.73414, 28.78516 ], [ 83.73368, 28.78558 ], [ 83.73358, 28.78563 ], [ 83.73335, 28.78567 ], [ 83.73315, 28.78576 ], [ 83.73292, 28.78575 ], [ 83.7326, 28.78566 ], [ 83.73235, 28.7855 ], [ 83.73191, 28.78531 ], [ 83.73113, 28.78506 ], [ 83.73082, 28.785 ], [ 83.73053, 28.78503 ], [ 83.73018, 28.78502 ], [ 83.72992, 28.78497 ], [ 83.72974, 28.7849 ], [ 83.72962, 28.7848 ], [ 83.72923, 28.78461 ], [ 83.72903, 28.78448 ], [ 83.72867, 28.78439 ], [ 83.72762, 28.78388 ], [ 83.72709, 28.7837 ], [ 83.72576, 28.78309 ], [ 83.72536, 28.78304 ], [ 83.72482, 28.78288 ], [ 83.72444, 28.78283 ], [ 83.72322, 28.78241 ], [ 83.72327, 28.7824 ], [ 83.72328, 28.78243 ] ] } }
]
}
